2026-01-02 21:59:15,153 DEBUG cd frappe-bench && uv venv env --seed --python python3
2026-01-02 21:59:19,680 LOG Getting frappe
2026-01-02 21:59:19,680 DEBUG cd frappe-bench/apps && git clone https://github.com/frappe/frappe --branch version-15 --depth 1 --origin upstream
2026-01-02 21:59:47,164 LOG Installing frappe
2026-01-02 21:59:47,168 DEBUG cd /workspace/development/frappe-bench && uv pip install  --upgrade -e /workspace/development/frappe-bench/apps/frappe  --python /workspace/development/frappe-bench/env/bin/python
2026-01-02 22:01:37,789 DEBUG cd /workspace/development/frappe-bench/apps/frappe && yarn install --check-files --verbose
2026-01-02 22:04:38,054 LOG Getting crm
2026-01-02 22:04:38,055 DEBUG cd frappe-bench/apps && git clone https://github.com/frappe/crm.git --branch main --depth 1 --origin upstream
2026-01-02 22:04:54,467 LOG Installing crm
2026-01-02 22:04:54,470 DEBUG cd /workspace/development/frappe-bench && uv pip install  --upgrade -e /workspace/development/frappe-bench/apps/crm  --python /workspace/development/frappe-bench/env/bin/python
2026-01-02 22:05:15,715 DEBUG cd /workspace/development/frappe-bench/apps/crm && yarn install --check-files --verbose
2026-01-02 22:07:59,399 DEBUG cd frappe-bench && bench build
2026-01-02 22:07:59,793 INFO /home/frappe/.local/bin/bench build
2026-01-02 22:10:01,326 LOG setting up backups
2026-01-02 22:10:01,434 LOG backups were set up
2026-01-02 22:10:01,435 INFO Bench frappe-bench initialized
2026-01-02 22:10:02,728 INFO /home/frappe/.local/bin/bench set-config -g db_type mariadb
2026-01-02 22:10:03,952 INFO /home/frappe/.local/bin/bench set-config -g redis_cache redis://redis-cache:6379
2026-01-02 22:10:04,837 INFO /home/frappe/.local/bin/bench set-config -g redis_queue redis://redis-queue:6379
2026-01-02 22:10:05,744 INFO /home/frappe/.local/bin/bench set-config -g redis_socketio redis://redis-queue:6379
2026-01-02 22:10:06,669 INFO /home/frappe/.local/bin/bench set-config -gp developer_mode 1
2026-01-02 22:10:07,604 INFO /home/frappe/.local/bin/bench set-config -g db_host mariadb
2026-01-02 22:10:08,493 INFO /home/frappe/.local/bin/bench new-site --db-root-username=root --db-host=mariadb --db-type=mariadb --mariadb-user-host-login-scope=% --db-root-password=123 --admin-password=admin --install-app=crm development.localhost
2026-01-02 22:30:13,879 INFO /home/frappe/.local/bin/bench --site development.localhost list-apps
2026-01-02 22:30:24,087 INFO /home/frappe/.local/bin/bench --site development.localhost list-sites
2026-01-02 22:31:28,888 INFO /home/frappe/.local/bin/bench start
2026-01-02 22:31:29,727 INFO /home/frappe/.local/bin/bench schedule
2026-01-02 22:31:29,740 INFO /home/frappe/.local/bin/bench serve --port 8000
2026-01-02 22:31:29,761 INFO /home/frappe/.local/bin/bench worker
2026-01-02 22:31:29,773 INFO /home/frappe/.local/bin/bench watch
2026-01-02 22:32:26,279 INFO /home/frappe/.local/bin/bench --site development.localhost list-apps
2026-01-02 22:33:08,700 INFO /home/frappe/.local/bin/bench --site development.localhost list-sites
2026-01-02 22:33:45,147 INFO /home/frappe/.local/bin/bench start
2026-01-02 22:33:45,827 INFO /home/frappe/.local/bin/bench serve --port 8000
2026-01-02 22:33:45,831 INFO /home/frappe/.local/bin/bench schedule
2026-01-02 22:33:45,831 INFO /home/frappe/.local/bin/bench watch
2026-01-02 22:33:45,836 INFO /home/frappe/.local/bin/bench worker
2026-01-02 22:37:16,297 INFO /home/frappe/.local/bin/bench migrate
2026-01-02 22:40:23,842 INFO /home/frappe/.local/bin/bench migrate --site development.localhost
2026-01-02 22:40:50,187 INFO /home/frappe/.local/bin/bench --site development.localhost migrate
2026-01-02 22:41:44,036 INFO /home/frappe/.local/bin/bench build
2026-01-02 22:45:05,871 INFO /home/frappe/.local/bin/bench new-app vooroo_saas
2026-01-02 22:45:05,883 LOG creating new app vooroo_saas
2026-01-02 22:46:06,028 LOG Installing vooroo_saas
2026-01-02 22:46:06,067 DEBUG cd /workspace/development/frappe-bench && uv pip install --quiet --upgrade -e /workspace/development/frappe-bench/apps/vooroo_saas  --python /workspace/development/frappe-bench/env/bin/python
2026-01-02 22:46:07,711 DEBUG bench build --app vooroo_saas
2026-01-02 22:46:07,945 INFO /home/frappe/.local/bin/bench build --app vooroo_saas
2026-01-02 22:47:04,150 INFO /home/frappe/.local/bin/bench --site development.localhost install-app vooroo_saas
2026-01-02 22:47:54,593 INFO /home/frappe/.local/bin/bench --site development.localhost list-apps
2026-01-02 22:53:44,653 INFO /home/frappe/.local/bin/bench start
2026-01-02 22:53:45,324 INFO /home/frappe/.local/bin/bench serve --port 8000
2026-01-02 22:53:45,343 INFO /home/frappe/.local/bin/bench watch
2026-01-02 22:53:45,356 INFO /home/frappe/.local/bin/bench schedule
2026-01-02 22:53:45,409 INFO /home/frappe/.local/bin/bench worker
2026-01-02 22:57:03,147 INFO /home/frappe/.local/bin/bench use development.localhost
2026-01-03 14:28:13,325 INFO /home/frappe/.local/bin/bench start
2026-01-03 14:28:13,982 INFO /home/frappe/.local/bin/bench serve --port 8000
2026-01-03 14:28:13,993 INFO /home/frappe/.local/bin/bench watch
2026-01-03 14:28:13,995 INFO /home/frappe/.local/bin/bench schedule
2026-01-03 14:28:14,023 INFO /home/frappe/.local/bin/bench worker
2026-01-03 17:11:30,656 INFO /home/frappe/.local/bin/bench init --help
2026-01-03 21:04:40,970 INFO /home/frappe/.local/bin/bench mariadb
2026-01-03 21:05:17,059 INFO /home/frappe/.local/bin/bench console
2026-01-04 07:15:23,432 INFO /home/frappe/.local/bin/bench start
2026-01-04 07:15:24,071 INFO /home/frappe/.local/bin/bench schedule
2026-01-04 07:15:24,079 INFO /home/frappe/.local/bin/bench watch
2026-01-04 07:15:24,080 INFO /home/frappe/.local/bin/bench worker
2026-01-04 07:15:24,091 INFO /home/frappe/.local/bin/bench serve --port 8000
2026-01-04 08:56:52,502 INFO /home/frappe/.local/bin/bench start
2026-01-04 08:56:53,087 INFO /home/frappe/.local/bin/bench watch
2026-01-04 08:56:53,094 INFO /home/frappe/.local/bin/bench schedule
2026-01-04 08:56:53,102 INFO /home/frappe/.local/bin/bench worker
2026-01-04 08:56:53,134 INFO /home/frappe/.local/bin/bench serve --port 8000
2026-01-04 17:22:41,502 INFO /home/frappe/.local/bin/bench start
2026-01-04 17:22:42,039 INFO /home/frappe/.local/bin/bench schedule
2026-01-04 17:22:42,041 INFO /home/frappe/.local/bin/bench watch
2026-01-04 17:22:42,042 INFO /home/frappe/.local/bin/bench worker
2026-01-04 17:22:42,052 INFO /home/frappe/.local/bin/bench serve --port 8000
2026-01-04 17:23:18,037 INFO /home/frappe/.local/bin/bench start
2026-01-04 17:23:18,678 INFO /home/frappe/.local/bin/bench serve --port 8000
2026-01-04 17:23:18,679 INFO /home/frappe/.local/bin/bench watch
2026-01-04 17:23:18,691 INFO /home/frappe/.local/bin/bench schedule
2026-01-04 17:23:18,694 INFO /home/frappe/.local/bin/bench worker
2026-01-05 14:01:27,609 INFO /home/frappe/.local/bin/bench start
2026-01-05 14:01:29,104 INFO /home/frappe/.local/bin/bench serve --port 8000
2026-01-05 14:01:29,191 INFO /home/frappe/.local/bin/bench worker
2026-01-05 14:01:29,364 INFO /home/frappe/.local/bin/bench watch
2026-01-05 14:01:29,366 INFO /home/frappe/.local/bin/bench schedule
2026-01-05 14:48:52,421 INFO /home/frappe/.local/bin/bench --site development.localhost install-app vooroo_saas
2026-01-05 22:13:13,506 INFO /home/frappe/.local/bin/bench start
2026-01-05 22:13:14,192 INFO /home/frappe/.local/bin/bench serve --port 8000
2026-01-05 22:13:14,200 INFO /home/frappe/.local/bin/bench watch
2026-01-05 22:13:14,219 INFO /home/frappe/.local/bin/bench schedule
2026-01-05 22:13:14,232 INFO /home/frappe/.local/bin/bench worker
2026-01-05 22:29:17,586 INFO /home/frappe/.local/bin/bench clear-cache
2026-01-05 22:29:26,141 INFO /home/frappe/.local/bin/bench restart
2026-01-05 22:29:53,352 INFO /home/frappe/.local/bin/bench start
2026-01-05 22:29:54,005 INFO /home/frappe/.local/bin/bench serve --port 8000
2026-01-05 22:29:54,029 INFO /home/frappe/.local/bin/bench worker
2026-01-05 22:29:54,033 INFO /home/frappe/.local/bin/bench schedule
2026-01-05 22:29:54,037 INFO /home/frappe/.local/bin/bench watch
2026-01-06 10:32:52,912 INFO /home/frappe/.local/bin/bench start
2026-01-06 10:32:53,662 INFO /home/frappe/.local/bin/bench serve --port 8000
2026-01-06 10:32:53,671 INFO /home/frappe/.local/bin/bench schedule
2026-01-06 10:32:53,672 INFO /home/frappe/.local/bin/bench watch
2026-01-06 10:32:53,672 INFO /home/frappe/.local/bin/bench worker
2026-01-06 10:44:01,234 INFO /home/frappe/.local/bin/bench restart
2026-01-06 10:44:06,856 INFO /home/frappe/.local/bin/bench start
2026-01-06 10:44:07,599 INFO /home/frappe/.local/bin/bench schedule
2026-01-06 10:44:07,600 INFO /home/frappe/.local/bin/bench serve --port 8000
2026-01-06 10:44:07,604 INFO /home/frappe/.local/bin/bench watch
2026-01-06 10:44:07,606 INFO /home/frappe/.local/bin/bench worker
2026-01-06 10:46:32,437 INFO /home/frappe/.local/bin/bench clear-cache
2026-01-06 10:53:54,555 INFO /home/frappe/.local/bin/bench clear-cache
2026-01-06 11:52:26,475 INFO /home/frappe/.local/bin/bench clear-cache
2026-01-06 11:59:32,378 INFO /home/frappe/.local/bin/bench clear-cache
2026-01-06 12:01:36,292 INFO /home/frappe/.local/bin/bench status
2026-01-06 12:02:41,162 INFO /home/frappe/.local/bin/bench clear-cache
2026-01-06 12:03:32,563 INFO /home/frappe/.local/bin/bench clear-cache
2026-01-06 12:03:50,242 INFO /home/frappe/.local/bin/bench clear-cache
2026-01-06 12:04:17,529 INFO /home/frappe/.local/bin/bench clear-cache
2026-01-07 23:10:56,357 INFO /home/frappe/.local/bin/bench clear-cache
2026-01-07 23:11:16,381 INFO /home/frappe/.local/bin/bench start
2026-01-07 23:11:17,162 INFO /home/frappe/.local/bin/bench serve --port 8000
2026-01-07 23:11:17,174 INFO /home/frappe/.local/bin/bench worker
2026-01-07 23:11:17,176 INFO /home/frappe/.local/bin/bench watch
2026-01-07 23:11:17,243 INFO /home/frappe/.local/bin/bench schedule
2026-01-07 23:11:40,774 INFO /home/frappe/.local/bin/bench start
2026-01-07 23:11:41,372 INFO /home/frappe/.local/bin/bench serve --port 8000
2026-01-07 23:11:41,381 INFO /home/frappe/.local/bin/bench watch
2026-01-07 23:11:41,384 INFO /home/frappe/.local/bin/bench schedule
2026-01-07 23:11:41,443 INFO /home/frappe/.local/bin/bench worker
2026-01-07 23:14:10,653 INFO /home/frappe/.local/bin/bench start
2026-01-07 23:14:11,231 INFO /home/frappe/.local/bin/bench serve --port 8000
2026-01-07 23:14:11,254 INFO /home/frappe/.local/bin/bench worker
2026-01-07 23:14:11,312 INFO /home/frappe/.local/bin/bench watch
2026-01-07 23:14:11,344 INFO /home/frappe/.local/bin/bench schedule
2026-01-07 23:14:24,899 INFO /home/frappe/.local/bin/bench start
2026-01-07 23:14:25,463 INFO /home/frappe/.local/bin/bench serve --port 8000
2026-01-07 23:14:25,471 INFO /home/frappe/.local/bin/bench schedule
2026-01-07 23:14:25,476 INFO /home/frappe/.local/bin/bench worker
2026-01-07 23:14:25,494 INFO /home/frappe/.local/bin/bench watch
2026-01-07 23:14:40,229 INFO /home/frappe/.local/bin/bench start
2026-01-07 23:14:40,936 INFO /home/frappe/.local/bin/bench serve --port 8000
2026-01-07 23:14:40,946 INFO /home/frappe/.local/bin/bench watch
2026-01-07 23:14:40,948 INFO /home/frappe/.local/bin/bench worker
2026-01-07 23:14:40,949 INFO /home/frappe/.local/bin/bench schedule
2026-01-07 23:15:11,929 INFO /home/frappe/.local/bin/bench start
2026-01-07 23:15:12,514 INFO /home/frappe/.local/bin/bench serve --port 8000
2026-01-07 23:15:12,519 INFO /home/frappe/.local/bin/bench watch
2026-01-07 23:15:12,521 INFO /home/frappe/.local/bin/bench worker
2026-01-07 23:15:12,579 INFO /home/frappe/.local/bin/bench schedule
2026-01-07 23:15:36,300 INFO /home/frappe/.local/bin/bench start
2026-01-07 23:15:37,181 INFO /home/frappe/.local/bin/bench serve --port 8000
2026-01-07 23:15:37,201 INFO /home/frappe/.local/bin/bench watch
2026-01-07 23:15:37,211 INFO /home/frappe/.local/bin/bench schedule
2026-01-07 23:15:37,215 INFO /home/frappe/.local/bin/bench worker
2026-01-07 23:18:14,281 INFO /home/frappe/.local/bin/bench start
2026-01-07 23:18:15,491 INFO /home/frappe/.local/bin/bench watch
2026-01-07 23:18:15,492 INFO /home/frappe/.local/bin/bench serve --port 8000
2026-01-07 23:18:15,504 INFO /home/frappe/.local/bin/bench schedule
2026-01-07 23:18:15,508 INFO /home/frappe/.local/bin/bench worker
2026-01-07 23:19:34,095 INFO /home/frappe/.local/bin/bench start
2026-01-07 23:19:34,799 INFO /home/frappe/.local/bin/bench watch
2026-01-07 23:19:34,814 INFO /home/frappe/.local/bin/bench worker
2026-01-07 23:19:34,822 INFO /home/frappe/.local/bin/bench serve --port 8000
2026-01-07 23:19:34,837 INFO /home/frappe/.local/bin/bench schedule
2026-01-08 15:37:27,541 INFO /home/frappe/.local/bin/bench build --app vooroo_saas
2026-01-08 15:37:44,864 INFO /home/frappe/.local/bin/bench --site development.localhost clear-cache
2026-01-08 15:38:23,034 INFO /home/frappe/.local/bin/bench start
2026-01-08 15:38:23,777 INFO /home/frappe/.local/bin/bench schedule
2026-01-08 15:38:23,785 INFO /home/frappe/.local/bin/bench worker
2026-01-08 15:38:23,788 INFO /home/frappe/.local/bin/bench watch
2026-01-08 15:38:23,807 INFO /home/frappe/.local/bin/bench serve --port 8000
2026-01-08 15:39:09,155 INFO /home/frappe/.local/bin/bench start
2026-01-08 15:39:10,044 INFO /home/frappe/.local/bin/bench watch
2026-01-08 15:39:10,044 INFO /home/frappe/.local/bin/bench schedule
2026-01-08 15:39:10,045 INFO /home/frappe/.local/bin/bench serve --port 8000
2026-01-08 15:39:10,064 INFO /home/frappe/.local/bin/bench worker
2026-01-08 15:44:47,306 INFO /home/frappe/.local/bin/bench --site development.localhost clear-cache
2026-01-08 15:45:54,501 INFO /home/frappe/.local/bin/bench start
2026-01-08 15:45:55,402 INFO /home/frappe/.local/bin/bench worker
2026-01-08 15:45:55,407 INFO /home/frappe/.local/bin/bench serve --port 8000
2026-01-08 15:45:55,426 INFO /home/frappe/.local/bin/bench schedule
2026-01-08 15:45:55,462 INFO /home/frappe/.local/bin/bench watch
2026-01-08 15:46:21,670 INFO /home/frappe/.local/bin/bench restart
2026-01-08 15:46:28,178 INFO /home/frappe/.local/bin/bench start
2026-01-08 15:46:28,907 INFO /home/frappe/.local/bin/bench watch
2026-01-08 15:46:28,921 INFO /home/frappe/.local/bin/bench serve --port 8000
2026-01-08 15:46:28,926 INFO /home/frappe/.local/bin/bench worker
2026-01-08 15:46:28,940 INFO /home/frappe/.local/bin/bench schedule
2026-01-08 16:01:29,936 INFO /home/frappe/.local/bin/bench build --app vooroo_saas
2026-01-08 16:01:36,026 INFO /home/frappe/.local/bin/bench --site development.localhost clear-cache
2026-01-08 18:06:16,078 INFO /home/frappe/.local/bin/bench --site development.localhost clear-cache
2026-01-08 18:54:08,191 INFO /home/frappe/.local/bin/bench build --app vooroo_saas
2026-01-08 18:54:13,804 INFO /home/frappe/.local/bin/bench --site development.localhost clear-cache
2026-01-08 18:56:10,983 INFO /home/frappe/.local/bin/bench start
2026-01-08 18:56:11,960 INFO /home/frappe/.local/bin/bench serve --port 8000
2026-01-08 18:56:11,969 INFO /home/frappe/.local/bin/bench schedule
2026-01-08 18:56:12,037 INFO /home/frappe/.local/bin/bench worker
2026-01-08 18:56:12,199 INFO /home/frappe/.local/bin/bench watch
2026-01-08 19:10:34,159 INFO /home/frappe/.local/bin/bench build --app vooroo_saas
2026-01-08 19:10:40,013 INFO /home/frappe/.local/bin/bench clear-cache
2026-01-08 20:42:41,430 INFO /home/frappe/.local/bin/bench
2026-01-08 20:42:50,029 INFO /home/frappe/.local/bin/bench start
2026-01-08 20:42:50,892 INFO /home/frappe/.local/bin/bench serve --port 8000
2026-01-08 20:42:50,952 INFO /home/frappe/.local/bin/bench worker
2026-01-08 20:42:51,000 INFO /home/frappe/.local/bin/bench watch
2026-01-08 20:42:51,001 INFO /home/frappe/.local/bin/bench schedule
2026-01-08 23:57:04,472 INFO /home/frappe/.local/bin/bench build --app vooroo_saas
2026-01-08 23:57:13,182 INFO /home/frappe/.local/bin/bench --site development.localhost clear-cache
2026-01-08 23:57:30,020 INFO /home/frappe/.local/bin/bench --site development.localhost clear-cache
2026-01-08 23:57:59,489 INFO /home/frappe/.local/bin/bench start
2026-01-08 23:58:01,729 INFO /home/frappe/.local/bin/bench serve --port 8000
2026-01-08 23:58:02,525 INFO /home/frappe/.local/bin/bench worker
2026-01-08 23:58:02,598 INFO /home/frappe/.local/bin/bench watch
2026-01-08 23:58:02,925 INFO /home/frappe/.local/bin/bench schedule
2026-01-08 23:58:24,777 INFO /home/frappe/.local/bin/bench start
2026-01-08 23:58:25,489 INFO /home/frappe/.local/bin/bench serve --port 8000
2026-01-08 23:58:25,506 INFO /home/frappe/.local/bin/bench watch
2026-01-08 23:58:25,508 INFO /home/frappe/.local/bin/bench schedule
2026-01-08 23:58:25,618 INFO /home/frappe/.local/bin/bench worker
2026-01-09 00:00:29,979 INFO /home/frappe/.local/bin/bench serve --port 8000
2026-01-09 00:00:29,983 INFO /home/frappe/.local/bin/bench schedule
2026-01-09 00:00:30,000 INFO /home/frappe/.local/bin/bench watch
2026-01-09 00:00:30,006 INFO /home/frappe/.local/bin/bench worker
2026-01-09 00:01:05,850 INFO /home/frappe/.local/bin/bench schedule
2026-01-09 00:03:08,055 INFO /home/frappe/.local/bin/bench --site development.localhost clear-cache
2026-01-09 00:06:08,141 INFO /home/frappe/.local/bin/bench --site development.localhost clear-cache
2026-01-09 00:18:13,766 INFO /home/frappe/.local/bin/bench --site development.localhost clear-cache
2026-01-09 00:18:55,074 INFO /home/frappe/.local/bin/bench start
2026-01-09 00:18:55,945 INFO /home/frappe/.local/bin/bench worker
2026-01-09 00:18:56,159 INFO /home/frappe/.local/bin/bench watch
2026-01-09 00:18:56,290 INFO /home/frappe/.local/bin/bench schedule
2026-01-09 00:18:56,314 INFO /home/frappe/.local/bin/bench serve --port 8000
2026-01-09 00:21:06,877 INFO /home/frappe/.local/bin/bench start
2026-01-09 00:21:07,545 INFO /home/frappe/.local/bin/bench serve --port 8000
2026-01-09 00:21:07,559 INFO /home/frappe/.local/bin/bench schedule
2026-01-09 00:21:07,564 INFO /home/frappe/.local/bin/bench watch
2026-01-09 00:21:07,615 INFO /home/frappe/.local/bin/bench worker
2026-01-09 00:23:36,260 INFO /home/frappe/.local/bin/bench start
2026-01-09 00:23:37,621 INFO /home/frappe/.local/bin/bench serve --port 8000
2026-01-09 00:23:37,666 INFO /home/frappe/.local/bin/bench schedule
2026-01-09 00:23:37,682 INFO /home/frappe/.local/bin/bench watch
2026-01-09 00:23:37,705 INFO /home/frappe/.local/bin/bench worker
2026-01-09 00:31:50,043 INFO /home/frappe/.local/bin/bench --site development.localhost migrate
2026-01-09 00:34:03,711 INFO /home/frappe/.local/bin/bench --site development.localhost migrate
2026-01-09 00:34:29,823 INFO /home/frappe/.local/bin/bench --site development.localhost console
2026-01-09 00:39:08,615 INFO /home/frappe/.local/bin/bench --site development.localhost clear-cache
2026-01-09 00:40:10,185 INFO /home/frappe/.local/bin/bench start
2026-01-09 00:40:10,768 INFO /home/frappe/.local/bin/bench watch
2026-01-09 00:40:10,814 INFO /home/frappe/.local/bin/bench serve --port 8000
2026-01-09 00:40:10,819 INFO /home/frappe/.local/bin/bench schedule
2026-01-09 00:40:10,822 INFO /home/frappe/.local/bin/bench worker
2026-01-09 06:22:08,460 INFO /home/frappe/.local/bin/bench start
2026-01-09 06:22:09,214 INFO /home/frappe/.local/bin/bench watch
2026-01-09 06:22:09,229 INFO /home/frappe/.local/bin/bench schedule
2026-01-09 06:22:09,229 INFO /home/frappe/.local/bin/bench worker
2026-01-09 06:22:09,231 INFO /home/frappe/.local/bin/bench serve --port 8000
2026-01-09 06:52:52,041 INFO /home/frappe/.local/bin/bench --site development.localhost clear-cache
2026-01-09 06:53:45,263 INFO /home/frappe/.local/bin/bench --site development.localhost console
2026-01-09 07:10:47,086 INFO /home/frappe/.local/bin/bench --site development.localhost clear-cache
2026-01-09 07:11:08,242 INFO /home/frappe/.local/bin/bench start
2026-01-09 07:11:08,852 INFO /home/frappe/.local/bin/bench serve --port 8000
2026-01-09 07:11:08,857 INFO /home/frappe/.local/bin/bench watch
2026-01-09 07:11:08,866 INFO /home/frappe/.local/bin/bench worker
2026-01-09 07:11:08,924 INFO /home/frappe/.local/bin/bench schedule
2026-01-09 07:12:18,465 INFO /home/frappe/.local/bin/bench --site development.localhost clear-cache
2026-01-09 07:20:08,047 INFO /home/frappe/.local/bin/bench --site development.localhost console
2026-01-09 07:20:35,112 INFO /home/frappe/.local/bin/bench --site development.localhost clear-cache
2026-01-09 07:23:36,405 INFO /home/frappe/.local/bin/bench build --app vooroo_saas
2026-01-09 07:24:16,504 INFO /home/frappe/.local/bin/bench --site development.localhost clear-cache
2026-01-09 07:27:47,072 INFO /home/frappe/.local/bin/bench --site development.localhost clear-cache
2026-01-09 07:28:33,439 INFO /home/frappe/.local/bin/bench --site development.localhost console
2026-01-09 07:29:06,747 INFO /home/frappe/.local/bin/bench --site development.localhost console
2026-01-09 07:29:37,404 INFO /home/frappe/.local/bin/bench --site development.localhost clear-cache
2026-01-09 07:30:15,016 INFO /home/frappe/.local/bin/bench --site development.localhost console
2026-01-09 07:34:03,262 INFO /home/frappe/.local/bin/bench build --app vooroo_saas
2026-01-09 07:34:08,972 INFO /home/frappe/.local/bin/bench --site development.localhost clear-cache
2026-01-09 07:35:58,784 INFO /home/frappe/.local/bin/bench --site development.localhost console
2026-01-09 07:36:36,886 INFO /home/frappe/.local/bin/bench --site development.localhost clear-cache
2026-01-09 07:37:35,983 INFO /home/frappe/.local/bin/bench --site development.localhost clear-cache
2026-01-09 07:38:45,936 INFO /home/frappe/.local/bin/bench --site development.localhost clear-cache
2026-01-09 07:53:31,858 INFO /home/frappe/.local/bin/bench build --app vooroo_saas
2026-01-09 07:53:36,630 INFO /home/frappe/.local/bin/bench --site development.localhost clear-cache
2026-01-09 08:15:33,443 INFO /home/frappe/.local/bin/bench build --app vooroo_saas
2026-01-09 08:15:41,429 INFO /home/frappe/.local/bin/bench --site development.localhost clear-cache
2026-01-09 10:02:40,371 INFO /home/frappe/.local/bin/bench build --app vooroo_saas
2026-01-09 10:02:46,118 INFO /home/frappe/.local/bin/bench --site development.localhost clear-cache
2026-01-09 10:20:17,498 INFO /home/frappe/.local/bin/bench --site development.localhost console
2026-01-09 10:20:38,264 INFO /home/frappe/.local/bin/bench --site development.localhost console
2026-01-09 10:20:53,386 INFO /home/frappe/.local/bin/bench --site development.localhost console
2026-01-09 10:22:04,516 INFO /home/frappe/.local/bin/bench --site development.localhost mariadb -e SELECT name FROM `tabCRM Lead Status`;
2026-01-09 10:24:40,158 INFO /home/frappe/.local/bin/bench build --app vooroo_saas
2026-01-09 10:24:45,399 INFO /home/frappe/.local/bin/bench --site development.localhost clear-cache
2026-01-09 10:29:28,183 INFO /home/frappe/.local/bin/bench --site development.localhost console
2026-01-09 10:29:58,662 INFO /home/frappe/.local/bin/bench --site development.localhost mariadb -e SELECT fieldname, options FROM `tabDocField` WHERE parent='CRM Lead' AND fieldtype='Link';
2026-01-09 10:30:19,513 INFO /home/frappe/.local/bin/bench --site development.localhost mariadb -e SELECT name FROM `tabSalutation`;
2026-01-09 10:47:35,401 INFO /home/frappe/.local/bin/bench build --app vooroo_saas
2026-01-09 10:47:43,379 INFO /home/frappe/.local/bin/bench --site development.localhost clear-cache
2026-01-09 10:49:48,174 INFO /home/frappe/.local/bin/bench --site development.localhost mariadb -e 
SELECT fieldname, options FROM `tabCustom Field` WHERE dt='CRM Lead' AND fieldtype='Link';

2026-01-09 10:50:02,494 INFO /home/frappe/.local/bin/bench --site development.localhost mariadb -e 
SELECT fieldname, options FROM `tabCustom Field` WHERE dt='CRM Lead' AND fieldtype='Select';

2026-01-09 10:54:47,785 INFO /home/frappe/.local/bin/bench build --app vooroo_saas
2026-01-09 10:54:53,229 INFO /home/frappe/.local/bin/bench --site development.localhost clear-cache
2026-01-09 11:11:08,794 INFO /home/frappe/.local/bin/bench build --app vooroo_saas
2026-01-09 11:11:14,654 INFO /home/frappe/.local/bin/bench --site development.localhost clear-cache
2026-01-09 11:43:59,323 INFO /home/frappe/.local/bin/bench build --app vooroo_saas
2026-01-09 11:44:06,013 INFO /home/frappe/.local/bin/bench --site development.localhost clear-cache
2026-01-09 12:02:09,754 INFO /home/frappe/.local/bin/bench build --app vooroo_saas
2026-01-09 12:02:16,318 INFO /home/frappe/.local/bin/bench --site development.localhost clear-cache
2026-01-09 12:08:59,846 INFO /home/frappe/.local/bin/bench --site development.localhost execute frappe.call('vooroo_saas.api.prospect.get_dashboard_stats')
2026-01-09 12:09:18,750 INFO /home/frappe/.local/bin/bench --site development.localhost execute vooroo_saas.api.prospect.get_dashboard_stats
2026-01-09 12:11:32,868 INFO /home/frappe/.local/bin/bench restart
2026-01-09 12:12:38,669 INFO /home/frappe/.local/bin/bench --site development.localhost clear-cache
2026-01-09 12:12:57,432 INFO /home/frappe/.local/bin/bench start
2026-01-09 12:12:58,467 INFO /home/frappe/.local/bin/bench serve --port 8000
2026-01-09 12:12:58,501 INFO /home/frappe/.local/bin/bench watch
2026-01-09 12:12:58,503 INFO /home/frappe/.local/bin/bench schedule
2026-01-09 12:12:58,593 INFO /home/frappe/.local/bin/bench worker
2026-01-09 12:13:20,107 INFO /home/frappe/.local/bin/bench start
2026-01-09 12:13:20,750 INFO /home/frappe/.local/bin/bench watch
2026-01-09 12:13:20,751 INFO /home/frappe/.local/bin/bench serve --port 8000
2026-01-09 12:13:20,754 INFO /home/frappe/.local/bin/bench schedule
2026-01-09 12:13:20,762 INFO /home/frappe/.local/bin/bench worker
2026-01-09 12:13:52,211 INFO /home/frappe/.local/bin/bench start
2026-01-09 12:13:52,916 INFO /home/frappe/.local/bin/bench schedule
2026-01-09 12:13:52,920 INFO /home/frappe/.local/bin/bench worker
2026-01-09 12:13:52,921 INFO /home/frappe/.local/bin/bench watch
2026-01-09 12:13:53,004 INFO /home/frappe/.local/bin/bench serve --port 8000
2026-01-09 12:14:50,785 INFO /home/frappe/.local/bin/bench --site development.localhost clear-cache
2026-01-09 12:14:54,548 INFO /home/frappe/.local/bin/bench start
2026-01-09 12:14:55,286 INFO /home/frappe/.local/bin/bench watch
2026-01-09 12:14:55,290 INFO /home/frappe/.local/bin/bench schedule
2026-01-09 12:14:55,298 INFO /home/frappe/.local/bin/bench worker
2026-01-09 12:14:55,371 INFO /home/frappe/.local/bin/bench serve --port 8000
2026-01-09 15:32:42,044 INFO /home/frappe/.local/bin/bench --site development.localhost execute vooroo_saas.api.prospect.get_dashboard_stats
2026-01-09 15:33:23,531 INFO /home/frappe/.local/bin/bench start
2026-01-09 15:33:24,460 INFO /home/frappe/.local/bin/bench serve --port 8000
2026-01-09 15:33:24,683 INFO /home/frappe/.local/bin/bench schedule
2026-01-09 15:33:24,758 INFO /home/frappe/.local/bin/bench watch
2026-01-09 15:33:25,112 INFO /home/frappe/.local/bin/bench worker
2026-01-09 15:36:38,001 INFO /home/frappe/.local/bin/bench --site development.localhost mariadb -e SELECT * FROM __DocMethod WHERE method LIKE '%dashboard%';
2026-01-09 15:37:43,907 INFO /home/frappe/.local/bin/bench serve --port 8000
2026-01-09 15:38:12,010 INFO /home/frappe/.local/bin/bench --site development.localhost console
2026-01-09 15:41:55,234 INFO /home/frappe/.local/bin/bench serve --port 8000
2026-01-09 15:51:00,236 INFO /home/frappe/.local/bin/bench --site development.localhost execute frappe.call('vooroo_saas.api.prospect.get_dashboard_stats')
2026-01-09 15:51:32,438 INFO /home/frappe/.local/bin/bench --site development.localhost execute vooroo_saas.api.prospect.get_dashboard_stats
2026-01-09 15:56:32,063 INFO /home/frappe/.local/bin/bench --site development.localhost clear-cache
2026-01-09 16:53:54,340 INFO /home/frappe/.local/bin/bench --site development.localhost clear-cache
2026-01-09 17:16:37,389 INFO /home/frappe/.local/bin/bench --site development.localhost clear-cache
2026-01-09 17:53:58,203 INFO /home/frappe/.local/bin/bench build --app vooroo_saas
2026-01-09 17:54:07,803 INFO /home/frappe/.local/bin/bench --site development.localhost clear-cache
2026-01-09 17:54:33,975 INFO /home/frappe/.local/bin/bench serve --port 8000
2026-01-09 17:57:33,116 INFO /home/frappe/.local/bin/bench serve --port 8000
2026-01-09 18:16:21,208 INFO /home/frappe/.local/bin/bench build --app vooroo_saas
2026-01-09 18:16:40,228 INFO /home/frappe/.local/bin/bench --site development.localhost clear-cache
2026-01-09 18:17:05,732 INFO /home/frappe/.local/bin/bench restart
2026-01-09 22:09:13,090 INFO /home/frappe/.local/bin/bench build --app vooroo_saas
2026-01-09 22:18:53,106 INFO /home/frappe/.local/bin/bench --site development.localhost clear-cache
2026-01-09 22:38:16,746 INFO /home/frappe/.local/bin/bench build --app vooroo_saas
2026-01-09 22:38:22,924 INFO /home/frappe/.local/bin/bench --site development.localhost clear-cache
2026-01-10 06:34:47,449 INFO /home/frappe/.local/bin/bench start
2026-01-10 06:34:48,015 INFO /home/frappe/.local/bin/bench serve --port 8000
2026-01-10 06:34:48,030 INFO /home/frappe/.local/bin/bench worker
2026-01-10 06:34:48,033 INFO /home/frappe/.local/bin/bench schedule
2026-01-10 06:34:48,042 INFO /home/frappe/.local/bin/bench watch
2026-01-10 08:39:42,652 INFO /home/frappe/.local/bin/bench start
2026-01-10 08:39:43,308 INFO /home/frappe/.local/bin/bench serve --port 8000
2026-01-10 08:39:43,326 INFO /home/frappe/.local/bin/bench schedule
2026-01-10 08:39:43,334 INFO /home/frappe/.local/bin/bench worker
2026-01-10 08:39:43,394 INFO /home/frappe/.local/bin/bench watch
2026-01-10 13:34:48,925 INFO /home/frappe/.local/bin/bench --site development.localhost migrate
2026-01-10 13:35:43,905 INFO /home/frappe/.local/bin/bench --site development.localhost migrate
2026-01-10 14:15:38,592 INFO /home/frappe/.local/bin/bench --site development.localhost clear-cache
2026-01-10 14:39:26,654 INFO /home/frappe/.local/bin/bench --site development.localhost execute frappe.get_all('CRM Lead Status', fields=['name', 'status', 'position'], order_by='position')
2026-01-10 14:56:54,324 INFO /home/frappe/.local/bin/bench --site development.localhost console
2026-01-10 14:58:57,640 INFO /home/frappe/.local/bin/bench --site development.localhost clear-cache
2026-01-10 15:07:03,798 INFO /home/frappe/.local/bin/bench --site development.localhost console
2026-01-10 15:07:26,140 INFO /home/frappe/.local/bin/bench --site development.localhost console
2026-01-10 15:07:43,985 INFO /home/frappe/.local/bin/bench --site development.localhost console
2026-01-10 15:23:40,307 INFO /home/frappe/.local/bin/bench build --app vooroo_saas
2026-01-10 15:23:51,553 INFO /home/frappe/.local/bin/bench --site development.localhost clear-cache
2026-01-10 15:29:20,780 INFO /home/frappe/.local/bin/bench --site development.localhost console
2026-01-10 15:29:39,477 INFO /home/frappe/.local/bin/bench --site development.localhost execute from vooroo_saas.api.prospect import get_prospect_options; opts = get_prospect_options(); print('Countries count:', len(opts.get('countries', []))); print('Sample:', opts.get('countries', [])[:3])
2026-01-10 15:29:52,883 INFO /home/frappe/.local/bin/bench --site development.localhost run-tests --module vooroo_saas.api.prospect
2026-01-10 15:42:21,167 INFO /home/frappe/.local/bin/bench build --app vooroo_saas
2026-01-10 15:42:32,069 INFO /home/frappe/.local/bin/bench --site development.localhost clear-cache
2026-01-10 21:56:50,034 INFO /home/frappe/.local/bin/bench --site development.localhost execute frappe.get_all('Country', fields=['name', 'country_name'], limit=5)
2026-01-10 21:57:13,766 INFO /home/frappe/.local/bin/bench --site development.localhost console
2026-01-10 21:58:51,601 INFO /home/frappe/.local/bin/bench --site development.localhost console
2026-01-10 21:59:26,975 INFO /home/frappe/.local/bin/bench --site development.localhost console
2026-01-10 22:01:44,673 INFO /home/frappe/.local/bin/bench --site development.localhost console
2026-01-10 22:02:04,735 INFO /home/frappe/.local/bin/bench --site development.localhost execute vooroo_saas.api.prospect.create_prospect --kwargs {"data": {"first_name": "Test", "last_name": "Debug", "status": "New", "custom_prospect_type": "Particulier"}}
2026-01-10 22:02:30,925 INFO /home/frappe/.local/bin/bench --site development.localhost execute frappe.get_all('CRM Lead Status', fields=['name', 'status', 'position'], order_by='position')
2026-01-10 22:04:36,495 INFO /home/frappe/.local/bin/bench --site development.localhost execute print([s.name for s in frappe.get_all('CRM Lead Status', fields=['name'])])
2026-01-10 22:05:24,017 INFO /home/frappe/.local/bin/bench --site development.localhost console
2026-01-10 22:05:43,702 INFO /home/frappe/.local/bin/bench --site development.localhost execute frappe.get_doc("Country", "Senegal").as_dict()
2026-01-10 22:09:22,150 INFO /home/frappe/.local/bin/bench --site development.localhost clear-cache
2026-01-10 22:10:35,679 INFO /home/frappe/.local/bin/bench --site development.localhost execute frappe.get_all("CRM Industry", fields=["name"])
2026-01-10 22:18:34,867 INFO /home/frappe/.local/bin/bench --site development.localhost clear-cache
2026-01-10 22:18:37,246 INFO /home/frappe/.local/bin/bench --site development.localhost migrate
2026-01-10 22:21:10,254 INFO /home/frappe/.local/bin/bench restart
2026-01-10 22:21:20,723 INFO /home/frappe/.local/bin/bench start
2026-01-10 22:21:21,534 INFO /home/frappe/.local/bin/bench serve --port 8000
2026-01-10 22:21:21,541 INFO /home/frappe/.local/bin/bench watch
2026-01-10 22:21:21,558 INFO /home/frappe/.local/bin/bench schedule
2026-01-10 22:21:21,558 INFO /home/frappe/.local/bin/bench worker
2026-01-11 08:59:43,384 INFO /home/frappe/.local/bin/bench start
2026-01-11 08:59:43,956 INFO /home/frappe/.local/bin/bench serve --port 8000
2026-01-11 08:59:43,964 INFO /home/frappe/.local/bin/bench watch
2026-01-11 08:59:43,970 INFO /home/frappe/.local/bin/bench schedule
2026-01-11 08:59:43,975 INFO /home/frappe/.local/bin/bench worker
2026-01-11 23:00:26,701 INFO /home/frappe/.local/bin/bench start
2026-01-11 23:00:27,540 INFO /home/frappe/.local/bin/bench serve --port 8000
2026-01-11 23:00:27,550 INFO /home/frappe/.local/bin/bench watch
2026-01-11 23:00:27,557 INFO /home/frappe/.local/bin/bench schedule
2026-01-11 23:00:27,559 INFO /home/frappe/.local/bin/bench worker
2026-01-11 23:19:41,831 INFO /home/frappe/.local/bin/bench --site development.localhost execute 
users = frappe.get_all('User', filters={'enabled': 1, 'user_type': 'System User'}, fields=['name', 'full_name'])
print('Total users:', len(users))
for u in users[:5]:
    print(f'  - {u.name}: {u.full_name}')

2026-01-11 23:49:27,864 INFO /home/frappe/.local/bin/bench --site development.localhost clear-cache
2026-01-11 23:51:06,918 INFO /home/frappe/.local/bin/bench build --app vooroo_saas
2026-01-11 23:51:13,321 INFO /home/frappe/.local/bin/bench --site development.localhost clear-cache
2026-01-12 00:23:05,064 INFO /home/frappe/.local/bin/bench build --app vooroo_saas
2026-01-12 00:23:32,941 INFO /home/frappe/.local/bin/bench --site development.localhost clear-cache
2026-01-12 00:46:45,967 INFO /home/frappe/.local/bin/bench --site development.localhost clear-cache
2026-01-12 00:46:57,911 INFO /home/frappe/.local/bin/bench --site development.localhost clear-cache
2026-01-12 00:48:17,458 INFO /home/frappe/.local/bin/bench --site development.localhost clear-cache
2026-01-12 00:54:44,405 INFO /home/frappe/.local/bin/bench --site development.localhost clear-cache
2026-01-12 01:00:24,594 INFO /home/frappe/.local/bin/bench --site development.localhost clear-cache
2026-01-12 01:02:10,248 INFO /home/frappe/.local/bin/bench --site development.localhost clear-cache
2026-01-12 01:24:45,170 INFO /home/frappe/.local/bin/bench --site development.localhost console
2026-01-12 01:24:55,088 INFO /home/frappe/.local/bin/bench --site development.localhost console
2026-01-12 01:25:07,472 INFO /home/frappe/.local/bin/bench --site development.localhost console
2026-01-12 01:25:54,764 INFO /home/frappe/.local/bin/bench --site development.localhost console
2026-01-12 01:26:23,490 INFO /home/frappe/.local/bin/bench --site development.localhost console
2026-01-12 01:27:44,131 INFO /home/frappe/.local/bin/bench --site development.localhost console
2026-01-12 01:44:27,372 INFO /home/frappe/.local/bin/bench --site development.localhost clear-cache
2026-01-12 02:08:23,497 INFO /home/frappe/.local/bin/bench --site development.localhost console
2026-01-12 02:13:23,772 INFO /home/frappe/.local/bin/bench --site development.localhost execute vooroo_saas.api.admin.get_assignable_roles_list
2026-01-12 02:13:33,256 INFO /home/frappe/.local/bin/bench --site development.localhost execute vooroo_saas.api.admin.get_roles
2026-01-12 02:19:36,396 INFO /home/frappe/.local/bin/bench --site development.localhost execute vooroo_saas.api.admin.get_users --kwargs {"page": 1, "page_size": 5}
2026-01-12 10:34:56,678 INFO /home/frappe/.local/bin/bench start
2026-01-12 10:34:57,888 INFO /home/frappe/.local/bin/bench schedule
2026-01-12 10:34:57,894 INFO /home/frappe/.local/bin/bench serve --port 8000
2026-01-12 10:34:57,904 INFO /home/frappe/.local/bin/bench watch
2026-01-12 10:34:57,924 INFO /home/frappe/.local/bin/bench worker
2026-01-14 12:15:12,740 INFO /home/frappe/.local/bin/bench start
2026-01-14 12:15:13,633 INFO /home/frappe/.local/bin/bench serve --port 8000
2026-01-14 12:15:13,657 INFO /home/frappe/.local/bin/bench watch
2026-01-14 12:15:13,668 INFO /home/frappe/.local/bin/bench schedule
2026-01-14 12:15:13,670 INFO /home/frappe/.local/bin/bench worker
2026-01-14 23:18:55,711 INFO /home/frappe/.local/bin/bench start
2026-01-14 23:18:56,961 INFO /home/frappe/.local/bin/bench watch
2026-01-14 23:18:56,972 INFO /home/frappe/.local/bin/bench serve --port 8000
2026-01-14 23:18:57,021 INFO /home/frappe/.local/bin/bench worker
2026-01-14 23:18:57,055 INFO /home/frappe/.local/bin/bench schedule
2026-01-15 09:59:21,613 INFO /home/frappe/.local/bin/bench start
2026-01-15 09:59:22,496 INFO /home/frappe/.local/bin/bench schedule
2026-01-15 09:59:22,503 INFO /home/frappe/.local/bin/bench worker
2026-01-15 09:59:22,503 INFO /home/frappe/.local/bin/bench serve --port 8000
2026-01-15 09:59:22,504 INFO /home/frappe/.local/bin/bench watch
2026-01-15 18:06:35,409 INFO /home/frappe/.local/bin/bench build --app vooroo_saas
2026-01-15 18:06:47,131 INFO /home/frappe/.local/bin/bench --site development.localhost clear-cache
2026-01-15 18:08:37,114 INFO /home/frappe/.local/bin/bench build --app vooroo_saas
2026-01-15 18:08:44,218 INFO /home/frappe/.local/bin/bench --site development.localhost clear-cache
2026-01-15 18:23:00,161 INFO /home/frappe/.local/bin/bench build --app vooroo_saas
2026-01-15 18:23:07,869 INFO /home/frappe/.local/bin/bench --site development.localhost clear-cache
2026-01-15 19:21:02,525 INFO /home/frappe/.local/bin/bench build --app vooroo_saas
2026-01-15 19:21:15,698 INFO /home/frappe/.local/bin/bench --site development.localhost clear-cache
2026-01-15 19:27:38,530 INFO /home/frappe/.local/bin/bench build --app vooroo_saas
2026-01-15 19:27:46,637 INFO /home/frappe/.local/bin/bench --site development.localhost clear-cache
2026-01-15 21:00:33,914 INFO /home/frappe/.local/bin/bench start
2026-01-15 21:00:36,031 INFO /home/frappe/.local/bin/bench serve --port 8000
2026-01-15 21:00:36,203 INFO /home/frappe/.local/bin/bench watch
2026-01-15 21:00:36,216 INFO /home/frappe/.local/bin/bench schedule
2026-01-15 21:00:36,250 INFO /home/frappe/.local/bin/bench worker
2026-01-16 10:53:32,804 INFO /home/frappe/.local/bin/bench start
2026-01-16 10:53:33,472 INFO /home/frappe/.local/bin/bench serve --port 8000
2026-01-16 10:53:33,485 INFO /home/frappe/.local/bin/bench schedule
2026-01-16 10:53:33,504 INFO /home/frappe/.local/bin/bench worker
2026-01-16 10:53:33,551 INFO /home/frappe/.local/bin/bench watch
2026-01-16 11:20:25,013 INFO /home/frappe/.local/bin/bench --site development.localhost export-fixtures --app vooroo_saas
2026-01-16 11:33:12,253 INFO /home/frappe/.local/bin/bench --site development.localhost build --app vooroo_saas
2026-01-16 11:33:42,956 INFO /home/frappe/.local/bin/bench start
2026-01-16 11:33:43,780 INFO /home/frappe/.local/bin/bench serve --port 8000
2026-01-16 11:33:43,789 INFO /home/frappe/.local/bin/bench watch
2026-01-16 11:33:43,794 INFO /home/frappe/.local/bin/bench schedule
2026-01-16 11:33:43,796 INFO /home/frappe/.local/bin/bench worker
2026-01-16 11:45:18,071 INFO /home/frappe/.local/bin/bench --site development.localhost build --app vooroo_saas
2026-01-16 11:48:10,596 INFO /home/frappe/.local/bin/bench start
2026-01-16 11:48:11,561 INFO /home/frappe/.local/bin/bench watch
2026-01-16 11:48:11,577 INFO /home/frappe/.local/bin/bench worker
2026-01-16 11:48:11,594 INFO /home/frappe/.local/bin/bench serve --port 8000
2026-01-16 11:48:11,594 INFO /home/frappe/.local/bin/bench schedule
2026-01-16 14:44:48,700 INFO /home/frappe/.local/bin/bench start
2026-01-16 14:44:49,446 INFO /home/frappe/.local/bin/bench watch
2026-01-16 14:44:49,453 INFO /home/frappe/.local/bin/bench schedule
2026-01-16 14:44:49,456 INFO /home/frappe/.local/bin/bench serve --port 8000
2026-01-16 14:44:49,457 INFO /home/frappe/.local/bin/bench worker
2026-01-16 15:44:41,598 INFO /home/frappe/.local/bin/bench build --app vooroo_saas
2026-01-16 19:38:44,567 INFO /home/frappe/.local/bin/bench start
2026-01-16 19:38:46,987 INFO /home/frappe/.local/bin/bench serve --port 8000
2026-01-16 19:38:47,042 INFO /home/frappe/.local/bin/bench watch
2026-01-16 19:38:47,110 INFO /home/frappe/.local/bin/bench worker
2026-01-16 19:38:47,110 INFO /home/frappe/.local/bin/bench schedule
2026-01-16 19:56:27,600 INFO /home/frappe/.local/bin/bench clear-cache
2026-01-16 19:56:40,401 INFO /home/frappe/.local/bin/bench restart
2026-01-16 19:56:41,584 INFO A newer version of bench is available: 5.28.0 → 5.29.0
2026-01-16 19:56:57,769 INFO /home/frappe/.local/bin/bench start
2026-01-16 19:56:58,867 INFO /home/frappe/.local/bin/bench serve --port 8000
2026-01-16 19:56:58,921 INFO /home/frappe/.local/bin/bench worker
2026-01-16 19:56:59,212 INFO /home/frappe/.local/bin/bench schedule
2026-01-16 19:56:59,352 INFO /home/frappe/.local/bin/bench watch
2026-01-16 21:10:10,672 INFO /home/frappe/.pyenv/versions/3.14.2/bin/bench start
2026-01-16 21:10:20,435 INFO /home/frappe/.pyenv/versions/3.14.2/bin/bench serve --port 8000
2026-01-16 21:10:20,673 INFO /home/frappe/.pyenv/versions/3.14.2/bin/bench schedule
2026-01-16 21:10:20,909 INFO /home/frappe/.pyenv/versions/3.14.2/bin/bench worker
2026-01-16 21:10:20,940 INFO /home/frappe/.pyenv/versions/3.14.2/bin/bench watch
2026-01-16 23:33:03,922 INFO /home/frappe/.pyenv/versions/3.14.2/bin/bench build --app vooroo_saas
2026-01-16 23:47:04,663 INFO /home/frappe/.pyenv/versions/3.14.2/bin/bench build --app vooroo_saas
2026-01-16 23:59:54,812 INFO /home/frappe/.pyenv/versions/3.14.2/bin/bench build --app vooroo_saas
2026-01-17 00:11:16,945 INFO /home/frappe/.pyenv/versions/3.14.2/bin/bench build --app vooroo_saas
2026-01-17 00:54:20,109 INFO /home/frappe/.pyenv/versions/3.14.2/bin/bench build --app vooroo_saas
2026-01-17 01:13:24,844 INFO /home/frappe/.pyenv/versions/3.14.2/bin/bench build --app vooroo_saas
2026-01-17 01:14:22,996 INFO /home/frappe/.pyenv/versions/3.14.2/bin/bench start
2026-01-17 01:14:23,933 INFO /home/frappe/.pyenv/versions/3.14.2/bin/bench serve --port 8000
2026-01-17 01:14:23,934 INFO /home/frappe/.pyenv/versions/3.14.2/bin/bench schedule
2026-01-17 01:14:23,936 INFO /home/frappe/.pyenv/versions/3.14.2/bin/bench watch
2026-01-17 01:14:23,940 INFO /home/frappe/.pyenv/versions/3.14.2/bin/bench worker
2026-01-17 01:29:08,023 INFO /home/frappe/.pyenv/versions/3.14.2/bin/bench build --app vooroo_saas
2026-01-17 01:30:36,452 INFO /home/frappe/.pyenv/versions/3.14.2/bin/bench start
2026-01-17 01:30:37,582 INFO /home/frappe/.pyenv/versions/3.14.2/bin/bench watch
2026-01-17 01:30:37,603 INFO /home/frappe/.pyenv/versions/3.14.2/bin/bench serve --port 8000
2026-01-17 01:30:37,609 INFO /home/frappe/.pyenv/versions/3.14.2/bin/bench schedule
2026-01-17 01:30:37,680 INFO /home/frappe/.pyenv/versions/3.14.2/bin/bench worker
2026-01-17 23:57:15,062 INFO /home/frappe/.pyenv/versions/3.14.2/bin/bench start
2026-01-17 23:57:16,047 INFO /home/frappe/.pyenv/versions/3.14.2/bin/bench serve --port 8000
2026-01-17 23:57:16,047 INFO /home/frappe/.pyenv/versions/3.14.2/bin/bench watch
2026-01-17 23:57:16,049 INFO /home/frappe/.pyenv/versions/3.14.2/bin/bench schedule
2026-01-17 23:57:16,124 INFO /home/frappe/.pyenv/versions/3.14.2/bin/bench worker
2026-01-19 13:00:09,192 INFO /home/frappe/.pyenv/versions/3.14.2/bin/bench start
2026-01-19 13:00:10,303 INFO /home/frappe/.pyenv/versions/3.14.2/bin/bench serve --port 8000
2026-01-19 13:00:10,308 INFO /home/frappe/.pyenv/versions/3.14.2/bin/bench schedule
2026-01-19 13:00:10,341 INFO /home/frappe/.pyenv/versions/3.14.2/bin/bench watch
2026-01-19 13:00:10,351 INFO /home/frappe/.pyenv/versions/3.14.2/bin/bench worker
2026-01-20 11:56:23,072 INFO /home/frappe/.pyenv/versions/3.14.2/bin/bench version
2026-01-20 12:22:40,458 INFO /home/frappe/.pyenv/versions/3.14.2/bin/bench --site development.localhost console
2026-01-20 12:25:19,698 INFO /home/frappe/.pyenv/versions/3.14.2/bin/bench start
2026-01-20 12:25:20,607 INFO /home/frappe/.pyenv/versions/3.14.2/bin/bench watch
2026-01-20 12:25:20,609 INFO /home/frappe/.pyenv/versions/3.14.2/bin/bench serve --port 8000
2026-01-20 12:25:20,628 INFO /home/frappe/.pyenv/versions/3.14.2/bin/bench schedule
2026-01-20 12:25:20,640 INFO /home/frappe/.pyenv/versions/3.14.2/bin/bench worker
2026-01-20 12:32:43,459 INFO /home/frappe/.pyenv/versions/3.14.2/bin/bench --site development.localhost console
2026-01-20 12:32:54,169 INFO /home/frappe/.pyenv/versions/3.14.2/bin/bench --site development.localhost console
2026-01-20 12:33:09,510 INFO /home/frappe/.pyenv/versions/3.14.2/bin/bench --site development.localhost console
2026-01-20 12:33:27,340 INFO /home/frappe/.pyenv/versions/3.14.2/bin/bench --site development.localhost console
2026-01-20 12:33:37,867 INFO /home/frappe/.pyenv/versions/3.14.2/bin/bench --site development.localhost console
2026-01-20 14:26:59,936 INFO /home/frappe/.pyenv/versions/3.14.2/bin/bench --site development.localhost migrate
2026-01-20 14:27:52,537 INFO /home/frappe/.pyenv/versions/3.14.2/bin/bench --site development.localhost console
2026-01-20 14:28:15,069 INFO /home/frappe/.pyenv/versions/3.14.2/bin/bench --site development.localhost console
2026-01-20 14:43:05,359 INFO /home/frappe/.pyenv/versions/3.14.2/bin/bench --site development.localhost console
2026-01-20 14:43:28,842 INFO /home/frappe/.pyenv/versions/3.14.2/bin/bench --site development.localhost console
2026-01-20 14:43:45,896 INFO /home/frappe/.pyenv/versions/3.14.2/bin/bench --site development.localhost console
2026-01-20 14:43:54,560 INFO /home/frappe/.pyenv/versions/3.14.2/bin/bench --site development.localhost console
2026-01-20 14:44:08,752 INFO /home/frappe/.pyenv/versions/3.14.2/bin/bench --site development.localhost console
2026-01-20 14:44:20,503 INFO /home/frappe/.pyenv/versions/3.14.2/bin/bench --site development.localhost console
2026-01-20 14:44:34,186 INFO /home/frappe/.pyenv/versions/3.14.2/bin/bench --site development.localhost console
2026-01-20 14:44:57,556 INFO /home/frappe/.pyenv/versions/3.14.2/bin/bench --site development.localhost console
2026-01-20 14:45:10,955 INFO /home/frappe/.pyenv/versions/3.14.2/bin/bench --site development.localhost console
2026-01-20 14:45:26,743 INFO /home/frappe/.pyenv/versions/3.14.2/bin/bench --site development.localhost console
2026-01-20 15:28:09,574 INFO /home/frappe/.pyenv/versions/3.14.2/bin/bench build --app vooroo_saas
2026-01-20 15:28:29,714 INFO /home/frappe/.pyenv/versions/3.14.2/bin/bench --site development.localhost clear-cache
2026-01-20 21:52:55,833 INFO /home/frappe/.pyenv/versions/3.14.2/bin/bench build --app vooroo_saas
2026-01-20 21:53:10,676 INFO /home/frappe/.pyenv/versions/3.14.2/bin/bench --site development.localhost clear-cache
2026-01-20 21:55:24,191 INFO /home/frappe/.pyenv/versions/3.14.2/bin/bench build --app vooroo_saas
2026-01-20 21:55:38,232 INFO /home/frappe/.pyenv/versions/3.14.2/bin/bench --site development.localhost clear-cache
2026-01-20 22:23:42,182 INFO /home/frappe/.pyenv/versions/3.14.2/bin/bench build --app vooroo_saas
2026-01-20 22:23:51,684 INFO /home/frappe/.pyenv/versions/3.14.2/bin/bench --site development.localhost clear-cache
2026-01-20 22:25:09,437 INFO /home/frappe/.pyenv/versions/3.14.2/bin/bench --site development.localhost clear-cache
2026-01-21 00:26:36,088 INFO /home/frappe/.pyenv/versions/3.14.2/bin/bench restart
2026-01-21 00:26:48,434 INFO /home/frappe/.pyenv/versions/3.14.2/bin/bench start
2026-01-21 00:26:50,518 INFO /home/frappe/.pyenv/versions/3.14.2/bin/bench serve --port 8000
2026-01-21 00:26:50,630 INFO /home/frappe/.pyenv/versions/3.14.2/bin/bench schedule
2026-01-21 00:26:50,643 INFO /home/frappe/.pyenv/versions/3.14.2/bin/bench worker
2026-01-21 00:26:50,966 INFO /home/frappe/.pyenv/versions/3.14.2/bin/bench watch
2026-01-21 01:33:49,000 INFO /home/frappe/.pyenv/versions/3.14.2/bin/bench --site development.localhost console
2026-01-21 01:33:55,934 INFO /home/frappe/.pyenv/versions/3.14.2/bin/bench --site development.localhost execute 
lead_meta = frappe.get_meta('CRM Lead')
for f in lead_meta.fields[:30]:
    if f.fieldtype not in ['Section Break', 'Column Break', 'Tab Break']:
        print(f'{f.fieldname}: {f.fieldtype}')
2026-01-21 01:34:02,206 INFO /home/frappe/.pyenv/versions/3.14.2/bin/bench --site development.localhost execute print([f.fieldname for f in frappe.get_meta('CRM Lead').fields if f.fieldtype not in ['Section Break', 'Column Break', 'Tab Break']][:20])
2026-01-21 09:24:44,241 INFO /home/frappe/.pyenv/versions/3.14.2/bin/bench start
2026-01-21 09:24:44,877 INFO /home/frappe/.pyenv/versions/3.14.2/bin/bench serve --port 8000
2026-01-21 09:24:44,881 INFO /home/frappe/.pyenv/versions/3.14.2/bin/bench watch
2026-01-21 09:24:44,882 INFO /home/frappe/.pyenv/versions/3.14.2/bin/bench schedule
2026-01-21 09:24:44,882 INFO /home/frappe/.pyenv/versions/3.14.2/bin/bench worker
2026-01-21 09:49:18,450 INFO /home/frappe/.pyenv/versions/3.14.2/bin/bench --site development.localhost clear-cache
2026-01-21 09:50:07,907 INFO /home/frappe/.pyenv/versions/3.14.2/bin/bench build --apps vooroo_saas
2026-01-21 10:50:32,375 INFO /home/frappe/.pyenv/versions/3.14.2/bin/bench build --apps vooroo_saas
2026-01-21 11:17:15,432 INFO /home/frappe/.pyenv/versions/3.14.2/bin/bench --site development.localhost clear-cache
2026-01-21 11:23:21,058 INFO /home/frappe/.pyenv/versions/3.14.2/bin/bench restart
2026-01-21 11:23:25,697 INFO /home/frappe/.pyenv/versions/3.14.2/bin/bench start
2026-01-21 11:23:26,733 INFO /home/frappe/.pyenv/versions/3.14.2/bin/bench serve --port 8000
2026-01-21 11:23:26,736 INFO /home/frappe/.pyenv/versions/3.14.2/bin/bench worker
2026-01-21 11:23:26,756 INFO /home/frappe/.pyenv/versions/3.14.2/bin/bench watch
2026-01-21 11:23:26,820 INFO /home/frappe/.pyenv/versions/3.14.2/bin/bench schedule
2026-01-21 11:26:18,034 INFO /home/frappe/.pyenv/versions/3.14.2/bin/bench --site development.localhost clear-cache
2026-01-21 11:28:14,493 INFO /home/frappe/.pyenv/versions/3.14.2/bin/bench --site development.localhost console
2026-01-21 11:31:20,035 INFO /home/frappe/.pyenv/versions/3.14.2/bin/bench --site development.localhost console
2026-01-21 11:31:40,790 INFO /home/frappe/.pyenv/versions/3.14.2/bin/bench --site development.localhost clear-cache
2026-01-21 11:31:44,037 INFO /home/frappe/.pyenv/versions/3.14.2/bin/bench restart
2026-01-21 11:32:23,557 INFO /home/frappe/.pyenv/versions/3.14.2/bin/bench serve --port 8000
2026-01-21 11:33:19,566 INFO /home/frappe/.pyenv/versions/3.14.2/bin/bench --site development.localhost console
2026-01-21 11:33:41,995 INFO /home/frappe/.pyenv/versions/3.14.2/bin/bench --site development.localhost execute frappe.reload_doc("vooroo_saas", "vooroo_saas", "api/prospect")
2026-01-21 11:33:49,676 INFO /home/frappe/.pyenv/versions/3.14.2/bin/bench --site development.localhost clear-cache
2026-01-21 11:33:53,026 INFO /home/frappe/.pyenv/versions/3.14.2/bin/bench build --app vooroo_saas
2026-01-21 11:34:02,124 INFO /home/frappe/.pyenv/versions/3.14.2/bin/bench start
2026-01-21 11:34:02,905 INFO /home/frappe/.pyenv/versions/3.14.2/bin/bench watch
2026-01-21 11:34:02,918 INFO /home/frappe/.pyenv/versions/3.14.2/bin/bench schedule
2026-01-21 11:34:02,924 INFO /home/frappe/.pyenv/versions/3.14.2/bin/bench serve --port 8000
2026-01-21 11:34:02,925 INFO /home/frappe/.pyenv/versions/3.14.2/bin/bench worker
2026-01-21 11:34:18,182 INFO /home/frappe/.pyenv/versions/3.14.2/bin/bench serve --port 8000
2026-01-21 11:34:36,147 INFO /home/frappe/.pyenv/versions/3.14.2/bin/bench serve --port 8000
2026-01-21 11:35:04,958 INFO /home/frappe/.pyenv/versions/3.14.2/bin/bench serve --port 8000
2026-01-21 11:35:43,318 INFO /home/frappe/.pyenv/versions/3.14.2/bin/bench serve --port 8000
2026-01-21 11:36:24,540 INFO /home/frappe/.pyenv/versions/3.14.2/bin/bench serve --port 8000
2026-01-21 11:38:26,557 INFO /home/frappe/.pyenv/versions/3.14.2/bin/bench serve --port 8000
2026-01-21 11:38:57,363 INFO /home/frappe/.pyenv/versions/3.14.2/bin/bench serve --port 8000
2026-01-21 11:40:00,714 INFO /home/frappe/.pyenv/versions/3.14.2/bin/bench --site development.localhost install-app vooroo_saas
2026-01-21 11:40:34,687 INFO /home/frappe/.pyenv/versions/3.14.2/bin/bench serve --port 8000
2026-01-21 11:40:55,469 INFO /home/frappe/.pyenv/versions/3.14.2/bin/bench serve --port 8000
2026-01-21 11:43:05,481 INFO /home/frappe/.pyenv/versions/3.14.2/bin/bench build --app vooroo_saas
2026-01-21 11:51:36,314 INFO /home/frappe/.pyenv/versions/3.14.2/bin/bench build --app vooroo_saas
2026-01-21 11:56:42,752 INFO /home/frappe/.pyenv/versions/3.14.2/bin/bench stop
2026-01-21 11:57:00,093 INFO /home/frappe/.pyenv/versions/3.14.2/bin/bench cache-clear
2026-01-21 11:57:13,112 INFO /home/frappe/.pyenv/versions/3.14.2/bin/bench clear-cache
2026-01-21 11:57:30,932 INFO /home/frappe/.pyenv/versions/3.14.2/bin/bench restart
2026-01-21 11:57:38,037 INFO /home/frappe/.pyenv/versions/3.14.2/bin/bench start
2026-01-21 11:57:38,779 INFO /home/frappe/.pyenv/versions/3.14.2/bin/bench serve --port 8000
2026-01-21 11:57:38,822 INFO /home/frappe/.pyenv/versions/3.14.2/bin/bench schedule
2026-01-21 11:57:38,839 INFO /home/frappe/.pyenv/versions/3.14.2/bin/bench worker
2026-01-21 11:57:38,848 INFO /home/frappe/.pyenv/versions/3.14.2/bin/bench watch
2026-01-21 12:13:19,083 INFO /home/frappe/.pyenv/versions/3.14.2/bin/bench --site development.localhost console
2026-01-21 12:16:21,417 INFO /home/frappe/.pyenv/versions/3.14.2/bin/bench build --app vooroo_saas
2026-01-21 14:14:25,399 INFO /home/frappe/.pyenv/versions/3.14.2/bin/bench start
2026-01-21 14:14:26,728 INFO /home/frappe/.pyenv/versions/3.14.2/bin/bench serve --port 8000
2026-01-21 14:14:26,745 INFO /home/frappe/.pyenv/versions/3.14.2/bin/bench worker
2026-01-21 14:14:26,760 INFO /home/frappe/.pyenv/versions/3.14.2/bin/bench schedule
2026-01-21 14:14:26,800 INFO /home/frappe/.pyenv/versions/3.14.2/bin/bench watch
2026-01-21 14:26:30,600 INFO /home/frappe/.pyenv/versions/3.14.2/bin/bench build --app vooroo_saas
2026-01-21 16:07:50,076 INFO /home/frappe/.pyenv/versions/3.14.2/bin/bench build --app vooroo_saas
2026-01-21 16:11:49,090 INFO /home/frappe/.pyenv/versions/3.14.2/bin/bench build --app vooroo_saas
2026-01-21 16:13:43,657 INFO /home/frappe/.pyenv/versions/3.14.2/bin/bench build --app vooroo_saas
2026-01-21 16:35:51,200 INFO /home/frappe/.pyenv/versions/3.14.2/bin/bench clear-cache
2026-01-21 16:35:59,905 INFO /home/frappe/.pyenv/versions/3.14.2/bin/bench start
2026-01-21 16:36:01,054 INFO /home/frappe/.pyenv/versions/3.14.2/bin/bench watch
2026-01-21 16:36:01,567 INFO /home/frappe/.pyenv/versions/3.14.2/bin/bench serve --port 8000
2026-01-21 16:36:01,572 INFO /home/frappe/.pyenv/versions/3.14.2/bin/bench schedule
2026-01-21 16:36:01,736 INFO /home/frappe/.pyenv/versions/3.14.2/bin/bench worker
2026-01-21 17:16:02,476 INFO /home/frappe/.pyenv/versions/3.14.2/bin/bench --site development.localhost console
2026-01-21 17:16:36,278 INFO /home/frappe/.pyenv/versions/3.14.2/bin/bench --site development.localhost execute frappe.get_meta('CRM Deal').get_link_fields()
2026-01-21 17:18:59,152 INFO /home/frappe/.pyenv/versions/3.14.2/bin/bench build --app vooroo_saas
2026-01-21 17:19:56,308 INFO /home/frappe/.pyenv/versions/3.14.2/bin/bench --site development.localhost execute frappe.get_doc({
    "doctype": "CRM Deal",
    "lead_name": "Test Conversion",
    "organization_name": "Ma Société Test",
    "expected_deal_value": 500000,
    "custom_deal_type": "Entreprise",
    "custom_lead_label": "Chaud",
    "status": "Qualification",
    "deal_owner": "Administrator",
    "currency": "XOF"
}).insert(ignore_permissions=True)
2026-01-21 17:20:23,187 INFO /home/frappe/.pyenv/versions/3.14.2/bin/bench --site development.localhost execute frappe.get_doc({
    "doctype": "CRM Deal",
    "lead_name": "Test Conversion",
    "organization_name": "Ma Société Test",
    "expected_deal_value": 500000,
    "expected_closure_date": "2026-02-28",
    "custom_deal_type": "Entreprise",
    "custom_lead_label": "Chaud",
    "status": "Qualification",
    "deal_owner": "Administrator",
    "currency": "XOF"
}).insert(ignore_permissions=True)
2026-01-21 17:20:45,574 INFO /home/frappe/.pyenv/versions/3.14.2/bin/bench --site development.localhost execute frappe.get_all('CRM Deal', filters={'lead_name': 'Test Conversion'}, fields=['name', 'lead_name', 'organization', 'organization_name'])
2026-01-21 17:20:58,745 INFO /home/frappe/.pyenv/versions/3.14.2/bin/bench --site development.localhost mariadb -e SELECT name, lead_name, organization, organization_name FROM `tabCRM Deal` WHERE lead_name LIKE '%Test%' LIMIT 5;
2026-01-21 17:21:09,029 INFO /home/frappe/.pyenv/versions/3.14.2/bin/bench --site development.localhost mariadb -e SELECT name, lead_name, organization, organization_name FROM `tabCRM Deal` ORDER BY creation DESC LIMIT 5;
2026-01-21 17:26:08,421 INFO /home/frappe/.pyenv/versions/3.14.2/bin/bench --site development.localhost mariadb -e SELECT name, lead_name, organization, organization_name FROM `tabCRM Deal` WHERE name='CRM-DEAL-2026-00022';
2026-01-21 17:26:26,063 INFO /home/frappe/.pyenv/versions/3.14.2/bin/bench --site development.localhost clear-cache
2026-01-22 09:07:24,848 INFO /home/frappe/.pyenv/versions/3.14.2/bin/bench start
2026-01-22 09:07:25,556 INFO /home/frappe/.pyenv/versions/3.14.2/bin/bench serve --port 8000
2026-01-22 09:07:25,566 INFO /home/frappe/.pyenv/versions/3.14.2/bin/bench schedule
2026-01-22 09:07:25,579 INFO /home/frappe/.pyenv/versions/3.14.2/bin/bench worker
2026-01-22 09:07:25,597 INFO /home/frappe/.pyenv/versions/3.14.2/bin/bench watch
2026-01-23 15:07:15,805 INFO /home/frappe/.pyenv/versions/3.14.2/bin/bench start
2026-01-23 15:07:17,242 INFO /home/frappe/.pyenv/versions/3.14.2/bin/bench watch
2026-01-23 15:07:17,243 INFO /home/frappe/.pyenv/versions/3.14.2/bin/bench worker
2026-01-23 15:07:17,243 INFO /home/frappe/.pyenv/versions/3.14.2/bin/bench schedule
2026-01-23 15:07:17,243 INFO /home/frappe/.pyenv/versions/3.14.2/bin/bench serve --port 8000
2026-01-24 16:55:58,648 INFO /home/frappe/.pyenv/versions/3.14.2/bin/bench start
2026-01-24 16:55:59,261 INFO /home/frappe/.pyenv/versions/3.14.2/bin/bench serve --port 8000
2026-01-24 16:55:59,262 INFO /home/frappe/.pyenv/versions/3.14.2/bin/bench watch
2026-01-24 16:55:59,264 INFO /home/frappe/.pyenv/versions/3.14.2/bin/bench schedule
2026-01-24 16:55:59,267 INFO /home/frappe/.pyenv/versions/3.14.2/bin/bench worker
2026-01-24 21:14:46,317 INFO /home/frappe/.pyenv/versions/3.14.2/bin/bench --site vooroo.localhost execute print([s.name for s in frappe.get_all('CRM Lead Status')])
2026-01-24 21:15:32,991 INFO /home/frappe/.pyenv/versions/3.14.2/bin/bench --site dev.localhost execute print([s.name for s in frappe.get_all('CRM Lead Status')])
2026-01-24 21:15:52,382 INFO /home/frappe/.pyenv/versions/3.14.2/bin/bench --site development.localhost execute print([s.name for s in frappe.get_all('CRM Lead Status')])
2026-01-25 05:12:02,033 INFO /home/frappe/.pyenv/versions/3.14.2/bin/bench start
2026-01-25 05:12:03,034 INFO /home/frappe/.pyenv/versions/3.14.2/bin/bench watch
2026-01-25 05:12:03,037 INFO /home/frappe/.pyenv/versions/3.14.2/bin/bench serve --port 8000
2026-01-25 05:12:03,061 INFO /home/frappe/.pyenv/versions/3.14.2/bin/bench worker
2026-01-25 05:12:03,066 INFO /home/frappe/.pyenv/versions/3.14.2/bin/bench schedule
2026-01-25 09:03:39,163 INFO /home/frappe/.pyenv/versions/3.14.2/bin/bench start
2026-01-25 09:03:40,678 INFO /home/frappe/.pyenv/versions/3.14.2/bin/bench serve --port 8000
2026-01-25 09:03:40,722 INFO /home/frappe/.pyenv/versions/3.14.2/bin/bench schedule
2026-01-25 09:03:40,726 INFO /home/frappe/.pyenv/versions/3.14.2/bin/bench watch
2026-01-25 09:03:40,755 INFO /home/frappe/.pyenv/versions/3.14.2/bin/bench worker
2026-01-25 12:14:41,309 INFO /home/frappe/.pyenv/versions/3.14.2/bin/bench build --app vooroo_saas
2026-01-25 12:15:01,031 INFO /home/frappe/.pyenv/versions/3.14.2/bin/bench --site development.localhost clear-cache
2026-01-25 12:15:04,883 INFO /home/frappe/.pyenv/versions/3.14.2/bin/bench restart
2026-01-25 12:15:30,805 INFO /home/frappe/.pyenv/versions/3.14.2/bin/bench start
2026-01-25 12:15:31,997 INFO /home/frappe/.pyenv/versions/3.14.2/bin/bench serve --port 8000
2026-01-25 12:15:32,024 INFO /home/frappe/.pyenv/versions/3.14.2/bin/bench schedule
2026-01-25 12:15:32,158 INFO /home/frappe/.pyenv/versions/3.14.2/bin/bench worker
2026-01-25 12:15:32,269 INFO /home/frappe/.pyenv/versions/3.14.2/bin/bench watch
2026-01-26 10:27:44,644 INFO /home/frappe/.pyenv/versions/3.14.2/bin/bench start
2026-01-26 10:27:45,277 INFO /home/frappe/.pyenv/versions/3.14.2/bin/bench serve --port 8000
2026-01-26 10:27:45,278 INFO /home/frappe/.pyenv/versions/3.14.2/bin/bench watch
2026-01-26 10:27:45,279 INFO /home/frappe/.pyenv/versions/3.14.2/bin/bench schedule
2026-01-26 10:27:45,280 INFO /home/frappe/.pyenv/versions/3.14.2/bin/bench worker
2026-01-26 14:43:55,422 INFO /home/frappe/.pyenv/versions/3.14.2/bin/bench build --app vooroo_saas
2026-01-26 14:44:16,912 INFO /home/frappe/.pyenv/versions/3.14.2/bin/bench --site development.localhost clear-cache
2026-01-26 15:08:19,887 INFO /home/frappe/.pyenv/versions/3.14.2/bin/bench --site development.localhost migrate
2026-01-26 15:18:55,574 INFO /home/frappe/.pyenv/versions/3.14.2/bin/bench build --app vooroo_saas
2026-01-26 15:19:58,781 INFO /home/frappe/.pyenv/versions/3.14.2/bin/bench --site development.localhost clear-cache
2026-01-26 15:20:12,493 INFO /home/frappe/.pyenv/versions/3.14.2/bin/bench restart
2026-01-26 15:28:01,231 INFO /home/frappe/.pyenv/versions/3.14.2/bin/bench --site development.localhost console
2026-01-26 15:34:23,417 INFO /home/frappe/.pyenv/versions/3.14.2/bin/bench build --app vooroo_saas
2026-01-26 15:34:33,849 INFO /home/frappe/.pyenv/versions/3.14.2/bin/bench --site development.localhost clear-cache
2026-01-26 15:34:42,499 INFO /home/frappe/.pyenv/versions/3.14.2/bin/bench restart
2026-01-26 15:34:54,437 INFO /home/frappe/.pyenv/versions/3.14.2/bin/bench --site development.localhost mariadb -e DESCRIBE `tabCRM Deal`
2026-01-26 15:35:03,086 INFO /home/frappe/.pyenv/versions/3.14.2/bin/bench --site development.localhost mariadb -e SELECT name FROM `tabCRM Deal` LIMIT 1
2026-01-26 15:55:25,402 INFO /home/frappe/.pyenv/versions/3.14.2/bin/bench --site development.localhost mariadb -e SELECT name FROM `tabCRM Deal` LIMIT 1 -N
2026-01-26 15:55:41,536 INFO /home/frappe/.pyenv/versions/3.14.2/bin/bench --site development.localhost console
2026-01-26 17:21:28,290 INFO /home/frappe/.pyenv/versions/3.14.2/bin/bench --site development.localhost mariadb -e SELECT name, lead_name, organization_name FROM `tabCRM Deal` WHERE lead_name LIKE '%WOP%' OR organization_name LIKE '%WOP%' LIMIT 3
2026-01-26 17:21:42,385 INFO /home/frappe/.pyenv/versions/3.14.2/bin/bench --site development.localhost console
2026-01-26 20:34:38,789 INFO /home/frappe/.pyenv/versions/3.14.2/bin/bench build --app vooroo_saas
2026-01-26 20:49:09,355 INFO /home/frappe/.pyenv/versions/3.14.2/bin/bench --site development.localhost console
2026-01-26 21:01:59,928 INFO /home/frappe/.pyenv/versions/3.14.2/bin/bench --site development.localhost execute vooroo_saas.scripts.create_test_deal.create_test_deal
2026-01-26 21:10:59,742 INFO /home/frappe/.pyenv/versions/3.14.2/bin/bench build --app vooroo_saas
2026-01-26 21:11:50,443 INFO /home/frappe/.pyenv/versions/3.14.2/bin/bench --site development.localhost console
2026-01-26 21:12:34,982 INFO /home/frappe/.pyenv/versions/3.14.2/bin/bench --site development.localhost console
2026-01-26 21:15:53,610 INFO /home/frappe/.pyenv/versions/3.14.2/bin/bench --site development.localhost console
2026-01-26 21:16:20,005 INFO /home/frappe/.pyenv/versions/3.14.2/bin/bench clear-cache
2026-01-26 21:17:28,785 INFO /home/frappe/.pyenv/versions/3.14.2/bin/bench --site development.localhost console
2026-01-26 21:17:46,917 INFO /home/frappe/.pyenv/versions/3.14.2/bin/bench --site development.localhost console
2026-01-26 21:18:12,662 INFO /home/frappe/.pyenv/versions/3.14.2/bin/bench --site development.localhost console
2026-01-26 21:18:32,507 INFO /home/frappe/.pyenv/versions/3.14.2/bin/bench --site development.localhost console
2026-01-26 21:23:06,519 INFO /home/frappe/.pyenv/versions/3.14.2/bin/bench --site development.localhost clear-cache
2026-01-26 21:26:18,704 INFO /home/frappe/.pyenv/versions/3.14.2/bin/bench build --app vooroo_saas
2026-01-26 21:26:35,872 INFO /home/frappe/.pyenv/versions/3.14.2/bin/bench --site development.localhost console
2026-01-26 21:26:54,360 INFO /home/frappe/.pyenv/versions/3.14.2/bin/bench --site development.localhost console
2026-01-26 21:27:22,929 INFO /home/frappe/.pyenv/versions/3.14.2/bin/bench --site development.localhost console
2026-01-26 21:27:38,026 INFO /home/frappe/.pyenv/versions/3.14.2/bin/bench --site development.localhost execute vooroo_saas.api.deal.get_deals --kwargs {"page": 1, "page_size": 3}
2026-01-26 21:47:16,980 INFO /home/frappe/.pyenv/versions/3.14.2/bin/bench build --app vooroo_saas
2026-01-26 21:47:48,346 INFO /home/frappe/.pyenv/versions/3.14.2/bin/bench --site development.localhost console
2026-01-26 21:48:10,654 INFO /home/frappe/.pyenv/versions/3.14.2/bin/bench --site development.localhost console
2026-01-26 21:49:00,204 INFO /home/frappe/.pyenv/versions/3.14.2/bin/bench --site development.localhost execute vooroo_saas.api.activity.get_deal_timeline --kwargs {"deal_name": "CRM-DEAL-2026-00015"}
2026-01-26 21:51:11,457 INFO /home/frappe/.pyenv/versions/3.14.2/bin/bench build --app vooroo_saas
2026-01-26 21:51:32,704 INFO /home/frappe/.pyenv/versions/3.14.2/bin/bench --site development.localhost clear-cache
2026-01-26 22:12:08,347 INFO /home/frappe/.pyenv/versions/3.14.2/bin/bench --site development.localhost execute vooroo_saas.api.activity.get_deal_timeline --kwargs {"deal_name": "CRM-DEAL-2026-00025"}
2026-01-26 22:12:20,327 INFO /home/frappe/.pyenv/versions/3.14.2/bin/bench build --app vooroo_saas
2026-01-26 22:12:25,088 INFO /home/frappe/.pyenv/versions/3.14.2/bin/bench --site development.localhost clear-cache
2026-01-26 22:51:04,843 INFO /home/frappe/.pyenv/versions/3.14.2/bin/bench --site development.localhost console
2026-01-26 22:51:16,816 INFO /home/frappe/.pyenv/versions/3.14.2/bin/bench --site development.localhost execute vooroo_saas.api.activity.get_deal_timeline --kwargs {"deal_name": "CRM-DEAL-2026-00025"}
2026-01-26 22:51:30,561 INFO /home/frappe/.pyenv/versions/3.14.2/bin/bench build --app vooroo_saas
2026-01-26 23:34:07,301 INFO /home/frappe/.pyenv/versions/3.14.2/bin/bench start
2026-01-26 23:34:09,179 INFO /home/frappe/.pyenv/versions/3.14.2/bin/bench watch
2026-01-26 23:34:09,221 INFO /home/frappe/.pyenv/versions/3.14.2/bin/bench schedule
2026-01-26 23:34:09,220 INFO /home/frappe/.pyenv/versions/3.14.2/bin/bench serve --port 8000
2026-01-26 23:34:09,234 INFO /home/frappe/.pyenv/versions/3.14.2/bin/bench worker
2026-01-26 23:42:17,773 INFO /home/frappe/.pyenv/versions/3.14.2/bin/bench start
2026-01-26 23:42:18,899 INFO /home/frappe/.pyenv/versions/3.14.2/bin/bench schedule
2026-01-26 23:42:18,905 INFO /home/frappe/.pyenv/versions/3.14.2/bin/bench watch
2026-01-26 23:42:18,946 INFO /home/frappe/.pyenv/versions/3.14.2/bin/bench worker
2026-01-26 23:42:18,948 INFO /home/frappe/.pyenv/versions/3.14.2/bin/bench serve --port 8000
2026-01-27 00:03:20,928 INFO /home/frappe/.pyenv/versions/3.14.2/bin/bench start
2026-01-27 00:03:24,457 INFO /home/frappe/.pyenv/versions/3.14.2/bin/bench watch
2026-01-27 00:03:24,462 INFO /home/frappe/.pyenv/versions/3.14.2/bin/bench schedule
2026-01-27 00:03:24,528 INFO /home/frappe/.pyenv/versions/3.14.2/bin/bench serve --port 8000
2026-01-27 00:03:24,585 INFO /home/frappe/.pyenv/versions/3.14.2/bin/bench worker
2026-01-27 11:25:18,473 INFO /home/frappe/.pyenv/versions/3.14.2/bin/bench start
2026-01-27 11:25:19,629 INFO /home/frappe/.pyenv/versions/3.14.2/bin/bench worker
2026-01-27 11:25:19,649 INFO /home/frappe/.pyenv/versions/3.14.2/bin/bench serve --port 8000
2026-01-27 11:25:19,651 INFO /home/frappe/.pyenv/versions/3.14.2/bin/bench watch
2026-01-27 11:25:19,654 INFO /home/frappe/.pyenv/versions/3.14.2/bin/bench schedule
2026-01-27 12:19:18,200 INFO /home/frappe/.pyenv/versions/3.14.2/bin/bench build
2026-01-27 12:26:39,986 INFO /home/frappe/.pyenv/versions/3.14.2/bin/bench build --app vooroo_saas
2026-01-27 12:33:43,843 INFO /home/frappe/.pyenv/versions/3.14.2/bin/bench build --app vooroo_saas
2026-01-27 12:41:41,934 INFO /home/frappe/.pyenv/versions/3.14.2/bin/bench build --app vooroo_saas
2026-01-27 12:46:04,063 INFO /home/frappe/.pyenv/versions/3.14.2/bin/bench build --app vooroo_saas
2026-01-27 12:53:03,539 INFO /home/frappe/.pyenv/versions/3.14.2/bin/bench build --app vooroo_saas
2026-01-27 13:09:34,190 INFO /home/frappe/.pyenv/versions/3.14.2/bin/bench --site development.localhost console
2026-01-27 13:10:15,983 INFO /home/frappe/.pyenv/versions/3.14.2/bin/bench build --app vooroo_saas
2026-01-27 13:21:10,145 INFO /home/frappe/.pyenv/versions/3.14.2/bin/bench build --app vooroo_saas
2026-01-27 13:30:36,720 INFO /home/frappe/.pyenv/versions/3.14.2/bin/bench build --app vooroo_saas
2026-01-27 13:32:32,443 INFO /home/frappe/.pyenv/versions/3.14.2/bin/bench build --app vooroo_saas
2026-01-27 13:35:18,042 INFO /home/frappe/.pyenv/versions/3.14.2/bin/bench build --app vooroo_saas
2026-01-27 13:46:36,556 INFO /home/frappe/.pyenv/versions/3.14.2/bin/bench build --app vooroo_saas
2026-01-27 13:48:02,685 INFO /home/frappe/.pyenv/versions/3.14.2/bin/bench --site development.localhost console
2026-01-27 13:48:18,145 INFO /home/frappe/.pyenv/versions/3.14.2/bin/bench --site development.localhost console
2026-01-27 13:48:29,180 INFO /home/frappe/.pyenv/versions/3.14.2/bin/bench --site development.localhost console
2026-01-27 13:48:39,880 INFO /home/frappe/.pyenv/versions/3.14.2/bin/bench --site development.localhost console
2026-01-27 13:48:58,396 INFO /home/frappe/.pyenv/versions/3.14.2/bin/bench --site development.localhost console
2026-01-27 13:49:14,070 INFO /home/frappe/.pyenv/versions/3.14.2/bin/bench --site development.localhost console
2026-01-27 13:49:23,436 INFO /home/frappe/.pyenv/versions/3.14.2/bin/bench --site development.localhost console
2026-01-27 14:38:59,629 INFO /home/frappe/.pyenv/versions/3.14.2/bin/bench --site development.localhost console
2026-01-27 14:39:13,244 INFO /home/frappe/.pyenv/versions/3.14.2/bin/bench --site development.localhost console
2026-01-27 14:39:22,532 INFO /home/frappe/.pyenv/versions/3.14.2/bin/bench --site development.localhost console
2026-01-27 14:39:34,264 INFO /home/frappe/.pyenv/versions/3.14.2/bin/bench --site development.localhost console
2026-01-27 14:39:48,511 INFO /home/frappe/.pyenv/versions/3.14.2/bin/bench --site development.localhost console
2026-01-27 14:40:04,609 INFO /home/frappe/.pyenv/versions/3.14.2/bin/bench --site development.localhost console
2026-01-27 14:40:18,694 INFO /home/frappe/.pyenv/versions/3.14.2/bin/bench --site development.localhost console
2026-01-27 14:40:30,208 INFO /home/frappe/.pyenv/versions/3.14.2/bin/bench --site development.localhost console
2026-01-27 14:40:48,081 INFO /home/frappe/.pyenv/versions/3.14.2/bin/bench --site development.localhost console
2026-01-27 14:41:46,276 INFO /home/frappe/.pyenv/versions/3.14.2/bin/bench --site development.localhost console
2026-01-27 14:48:00,954 INFO /home/frappe/.pyenv/versions/3.14.2/bin/bench start
2026-01-27 14:48:01,813 INFO /home/frappe/.pyenv/versions/3.14.2/bin/bench serve --port 8000
2026-01-27 14:48:01,829 INFO /home/frappe/.pyenv/versions/3.14.2/bin/bench worker
2026-01-27 14:48:01,829 INFO /home/frappe/.pyenv/versions/3.14.2/bin/bench watch
2026-01-27 14:48:01,835 INFO /home/frappe/.pyenv/versions/3.14.2/bin/bench schedule
2026-01-27 18:59:47,242 INFO /home/frappe/.pyenv/versions/3.14.2/bin/bench start
2026-01-27 18:59:48,140 INFO /home/frappe/.pyenv/versions/3.14.2/bin/bench serve --port 8000
2026-01-27 18:59:48,143 INFO /home/frappe/.pyenv/versions/3.14.2/bin/bench schedule
2026-01-27 18:59:48,147 INFO /home/frappe/.pyenv/versions/3.14.2/bin/bench watch
2026-01-27 18:59:48,158 INFO /home/frappe/.pyenv/versions/3.14.2/bin/bench worker
2026-01-27 20:16:40,640 INFO /home/frappe/.pyenv/versions/3.14.2/bin/bench build --app vooroo_saas
2026-01-27 20:26:08,042 INFO /home/frappe/.pyenv/versions/3.14.2/bin/bench build --app vooroo_saas
2026-01-27 20:44:32,728 INFO /home/frappe/.pyenv/versions/3.14.2/bin/bench build --app vooroo_saas
2026-01-27 21:09:57,415 INFO /home/frappe/.pyenv/versions/3.14.2/bin/bench build --app vooroo_saas
2026-01-27 21:15:38,975 INFO /home/frappe/.pyenv/versions/3.14.2/bin/bench build --app vooroo_saas
2026-01-27 21:50:10,886 INFO /home/frappe/.pyenv/versions/3.14.2/bin/bench start
2026-01-27 21:50:11,941 INFO /home/frappe/.pyenv/versions/3.14.2/bin/bench schedule
2026-01-27 21:50:11,967 INFO /home/frappe/.pyenv/versions/3.14.2/bin/bench serve --port 8000
2026-01-27 21:50:11,994 INFO /home/frappe/.pyenv/versions/3.14.2/bin/bench watch
2026-01-27 21:50:12,038 INFO /home/frappe/.pyenv/versions/3.14.2/bin/bench worker
2026-01-27 22:00:01,776 INFO /home/frappe/.pyenv/versions/3.14.2/bin/bench --site development.localhost console
2026-01-27 22:00:17,881 INFO /home/frappe/.pyenv/versions/3.14.2/bin/bench --site development.localhost console
2026-01-27 22:00:32,095 INFO /home/frappe/.pyenv/versions/3.14.2/bin/bench --site development.localhost console
2026-01-27 22:00:41,148 INFO /home/frappe/.pyenv/versions/3.14.2/bin/bench --site development.localhost console
2026-01-27 22:00:50,523 INFO /home/frappe/.pyenv/versions/3.14.2/bin/bench --site development.localhost console
2026-01-27 22:00:59,660 INFO /home/frappe/.pyenv/versions/3.14.2/bin/bench --site development.localhost execute print([f.fieldname for f in frappe.get_meta('CRM Lead').fields])
2026-01-27 22:02:20,284 INFO /home/frappe/.pyenv/versions/3.14.2/bin/bench --site development.localhost console
2026-01-27 22:02:34,791 INFO /home/frappe/.pyenv/versions/3.14.2/bin/bench --site development.localhost console
2026-01-27 22:11:09,404 INFO /home/frappe/.pyenv/versions/3.14.2/bin/bench --site development.localhost console
2026-01-27 22:12:35,407 INFO /home/frappe/.pyenv/versions/3.14.2/bin/bench --site development.localhost console
2026-01-27 22:29:50,929 INFO /home/frappe/.pyenv/versions/3.14.2/bin/bench start
2026-01-27 22:29:51,622 INFO /home/frappe/.pyenv/versions/3.14.2/bin/bench serve --port 8000
2026-01-27 22:29:51,627 INFO /home/frappe/.pyenv/versions/3.14.2/bin/bench watch
2026-01-27 22:29:51,628 INFO /home/frappe/.pyenv/versions/3.14.2/bin/bench schedule
2026-01-27 22:29:51,631 INFO /home/frappe/.pyenv/versions/3.14.2/bin/bench worker
2026-01-27 22:33:51,705 INFO /home/frappe/.pyenv/versions/3.14.2/bin/bench build --app vooroo_saas
2026-01-27 22:34:54,352 INFO /home/frappe/.pyenv/versions/3.14.2/bin/bench --site development.localhost console
2026-01-27 22:46:08,848 INFO /home/frappe/.pyenv/versions/3.14.2/bin/bench build --app vooroo_saas
2026-01-27 22:51:39,458 INFO /home/frappe/.pyenv/versions/3.14.2/bin/bench build --app vooroo_saas
2026-01-27 23:26:39,072 INFO /home/frappe/.pyenv/versions/3.14.2/bin/bench --site development.localhost console
2026-01-27 23:26:55,093 INFO /home/frappe/.pyenv/versions/3.14.2/bin/bench --site development.localhost console
2026-01-27 23:27:50,406 INFO /home/frappe/.pyenv/versions/3.14.2/bin/bench --site development.localhost console
2026-01-28 00:09:03,080 INFO /home/frappe/.pyenv/versions/3.14.2/bin/bench --site development.localhost console
2026-01-28 00:09:14,988 INFO /home/frappe/.pyenv/versions/3.14.2/bin/bench --site development.localhost console
2026-01-28 00:10:15,814 INFO /home/frappe/.pyenv/versions/3.14.2/bin/bench --site development.localhost console
2026-01-28 00:10:26,092 INFO /home/frappe/.pyenv/versions/3.14.2/bin/bench --site development.localhost console
2026-01-28 00:10:38,499 INFO /home/frappe/.pyenv/versions/3.14.2/bin/bench --site development.localhost console
2026-01-28 00:12:13,726 INFO /home/frappe/.pyenv/versions/3.14.2/bin/bench --site development.localhost execute vooroo_saas.api.prospect.get_activities --kwargs {"prospect_name": "CRM-LEAD-2026-00033"}
2026-01-28 00:25:16,689 INFO /home/frappe/.pyenv/versions/3.14.2/bin/bench --site development.localhost execute vooroo_saas.api.prospect.get_csv_template
2026-01-28 00:25:41,257 INFO /home/frappe/.pyenv/versions/3.14.2/bin/bench --site development.localhost console
2026-01-28 00:25:55,046 INFO /home/frappe/.pyenv/versions/3.14.2/bin/bench --site development.localhost console
2026-01-28 00:26:07,896 INFO /home/frappe/.pyenv/versions/3.14.2/bin/bench --site development.localhost console
2026-01-28 00:26:22,814 INFO /home/frappe/.pyenv/versions/3.14.2/bin/bench --site development.localhost console
2026-01-28 00:26:27,310 INFO /home/frappe/.pyenv/versions/3.14.2/bin/bench build --app vooroo_saas
2026-01-28 00:26:36,159 INFO /home/frappe/.pyenv/versions/3.14.2/bin/bench --site development.localhost console
2026-01-28 00:27:33,361 INFO /home/frappe/.pyenv/versions/3.14.2/bin/bench --site development.localhost console
2026-01-28 00:27:49,629 INFO /home/frappe/.pyenv/versions/3.14.2/bin/bench --site development.localhost console
2026-01-28 00:28:26,590 INFO /home/frappe/.pyenv/versions/3.14.2/bin/bench --site development.localhost console
2026-01-28 00:29:23,599 INFO /home/frappe/.pyenv/versions/3.14.2/bin/bench --site development.localhost console
2026-01-28 00:29:42,923 INFO /home/frappe/.pyenv/versions/3.14.2/bin/bench --site development.localhost console
2026-01-28 00:29:52,765 INFO /home/frappe/.pyenv/versions/3.14.2/bin/bench --site development.localhost console
2026-01-28 00:30:02,372 INFO /home/frappe/.pyenv/versions/3.14.2/bin/bench --site development.localhost execute frappe.get_all --args {"doctype": "CRM Lead", "fields": ["name", "lead_name"], "order_by": "creation desc", "limit": 5}
2026-01-28 00:30:11,081 INFO /home/frappe/.pyenv/versions/3.14.2/bin/bench --site development.localhost mariadb -e SELECT name, lead_name, email, custom_lead_label FROM `tabCRM Lead` ORDER BY creation DESC LIMIT 5
2026-01-28 00:30:39,262 INFO /home/frappe/.pyenv/versions/3.14.2/bin/bench --site development.localhost console
2026-01-28 00:33:33,567 INFO /home/frappe/.pyenv/versions/3.14.2/bin/bench --site development.localhost new-doctype Vooroo Quotation --module Vooroo SaaS
2026-01-28 00:33:41,418 INFO /home/frappe/.pyenv/versions/3.14.2/bin/bench new-doctype Vooroo Quotation --module Vooroo SaaS
2026-01-28 00:45:46,881 INFO /home/frappe/.pyenv/versions/3.14.2/bin/bench --site development.localhost migrate
2026-01-28 00:46:37,510 INFO /home/frappe/.pyenv/versions/3.14.2/bin/bench --site development.localhost console
2026-01-28 00:46:47,403 INFO /home/frappe/.pyenv/versions/3.14.2/bin/bench --site development.localhost console
2026-01-28 00:48:02,994 INFO /home/frappe/.pyenv/versions/3.14.2/bin/bench --site development.localhost console
2026-01-28 00:50:07,406 INFO /home/frappe/.pyenv/versions/3.14.2/bin/bench build --app vooroo_saas
2026-01-28 00:52:15,779 INFO /home/frappe/.pyenv/versions/3.14.2/bin/bench --site development.localhost console
2026-01-28 00:54:58,048 INFO /home/frappe/.pyenv/versions/3.14.2/bin/bench --site development.localhost console
2026-01-28 00:55:09,249 INFO /home/frappe/.pyenv/versions/3.14.2/bin/bench --site development.localhost console
2026-01-28 00:55:18,336 INFO /home/frappe/.pyenv/versions/3.14.2/bin/bench --site development.localhost console
2026-01-28 00:57:48,114 INFO /home/frappe/.pyenv/versions/3.14.2/bin/bench --site development.localhost console
2026-01-28 01:11:06,431 INFO /home/frappe/.pyenv/versions/3.14.2/bin/bench --site development.localhost console
2026-01-28 01:13:56,888 INFO /home/frappe/.pyenv/versions/3.14.2/bin/bench --site development.localhost console
2026-01-28 01:15:30,614 INFO /home/frappe/.pyenv/versions/3.14.2/bin/bench --site development.localhost console
2026-01-28 01:15:42,736 INFO /home/frappe/.pyenv/versions/3.14.2/bin/bench --site development.localhost console
2026-01-28 01:15:50,706 INFO /home/frappe/.pyenv/versions/3.14.2/bin/bench --site development.localhost console
2026-01-28 01:18:50,120 INFO /home/frappe/.pyenv/versions/3.14.2/bin/bench --site development.localhost console
2026-01-28 01:19:08,039 INFO /home/frappe/.pyenv/versions/3.14.2/bin/bench --site development.localhost console
2026-01-28 01:19:39,659 INFO /home/frappe/.pyenv/versions/3.14.2/bin/bench --site development.localhost console
2026-01-28 01:19:57,592 INFO /home/frappe/.pyenv/versions/3.14.2/bin/bench --site development.localhost console
2026-01-28 01:20:29,355 INFO /home/frappe/.pyenv/versions/3.14.2/bin/bench --site development.localhost console
2026-01-28 01:33:07,117 INFO /home/frappe/.pyenv/versions/3.14.2/bin/bench --site development.localhost console
2026-01-28 01:33:19,329 INFO /home/frappe/.pyenv/versions/3.14.2/bin/bench --site development.localhost console
2026-01-28 05:56:31,543 INFO /home/frappe/.pyenv/versions/3.14.2/bin/bench start
2026-01-28 05:56:32,815 INFO /home/frappe/.pyenv/versions/3.14.2/bin/bench serve --port 8000
2026-01-28 05:56:32,860 INFO /home/frappe/.pyenv/versions/3.14.2/bin/bench watch
2026-01-28 05:56:32,940 INFO /home/frappe/.pyenv/versions/3.14.2/bin/bench worker
2026-01-28 05:56:33,068 INFO /home/frappe/.pyenv/versions/3.14.2/bin/bench schedule
2026-01-28 13:27:25,817 INFO /home/frappe/.pyenv/versions/3.14.2/bin/bench get-app --help
2026-01-28 13:27:28,345 INFO /home/frappe/.pyenv/versions/3.14.2/bin/bench list-apps
2026-01-28 14:55:28,298 INFO /home/frappe/.pyenv/versions/3.14.2/bin/bench --site development.localhost console
2026-01-28 14:55:35,814 INFO /home/frappe/.pyenv/versions/3.14.2/bin/bench --site development.localhost execute vooroo_saas.api.prospect.get_prospect_history --kwargs {'prospect_name': 'CRM-LEAD-2026-00131'}
2026-01-28 14:55:41,741 INFO /home/frappe/.pyenv/versions/3.14.2/bin/bench --site development.localhost mariadb -e SELECT name FROM `tabCRM Lead` LIMIT 3
2026-01-28 14:55:48,856 INFO /home/frappe/.pyenv/versions/3.14.2/bin/bench --site development.localhost console
2026-01-28 15:01:19,740 INFO /home/frappe/.pyenv/versions/3.14.2/bin/bench --site development.localhost mariadb -e SELECT name FROM `tabCRM Deal` LIMIT 3
2026-01-28 15:01:31,595 INFO /home/frappe/.pyenv/versions/3.14.2/bin/bench --site development.localhost console
2026-01-28 15:01:41,550 INFO /home/frappe/.pyenv/versions/3.14.2/bin/bench --site development.localhost mariadb -e DESCRIBE `tabCRM Deal`
2026-01-28 15:02:13,278 INFO /home/frappe/.pyenv/versions/3.14.2/bin/bench --site development.localhost console
2026-01-28 15:35:40,904 INFO /home/frappe/.pyenv/versions/3.14.2/bin/bench --site development.localhost console
2026-01-28 15:35:55,853 INFO /home/frappe/.pyenv/versions/3.14.2/bin/bench --site development.localhost mariadb -e SHOW TABLES LIKE '%note%'
2026-01-28 15:36:03,157 INFO /home/frappe/.pyenv/versions/3.14.2/bin/bench --site development.localhost mariadb -e SHOW TABLES LIKE '%Note%'
2026-01-28 15:36:13,611 INFO /home/frappe/.pyenv/versions/3.14.2/bin/bench --site development.localhost mariadb -e SELECT COUNT(*) as cnt FROM `tabComment` WHERE reference_doctype='CRM Deal'
2026-01-28 15:36:53,387 INFO /home/frappe/.pyenv/versions/3.14.2/bin/bench --site development.localhost console
2026-01-28 15:37:06,289 INFO /home/frappe/.pyenv/versions/3.14.2/bin/bench --site development.localhost mariadb -e DESCRIBE `tabCRM Deal`
2026-01-28 15:40:24,553 INFO /home/frappe/.pyenv/versions/3.14.2/bin/bench --site development.localhost console
2026-01-28 15:54:22,544 INFO /home/frappe/.pyenv/versions/3.14.2/bin/bench --site development.localhost mariadb -e DESCRIBE `tabFCRM Note`
2026-01-28 15:54:32,558 INFO /home/frappe/.pyenv/versions/3.14.2/bin/bench --site development.localhost mariadb -e SELECT COUNT(*) as cnt, reference_doctype FROM `tabFCRM Note` GROUP BY reference_doctype
2026-01-28 15:54:41,421 INFO /home/frappe/.pyenv/versions/3.14.2/bin/bench --site development.localhost mariadb -e SELECT name, reference_doctype, reference_docname FROM `tabFCRM Note` LIMIT 5
2026-01-28 16:02:11,923 INFO /home/frappe/.pyenv/versions/3.14.2/bin/bench --site development.localhost console
2026-01-28 16:02:56,454 INFO /home/frappe/.pyenv/versions/3.14.2/bin/bench --site development.localhost console
2026-01-28 16:40:21,162 INFO /home/frappe/.pyenv/versions/3.14.2/bin/bench --site development.localhost execute frappe.db.sql --args ['SELECT name FROM  LIMIT 3']
2026-01-28 16:40:29,555 INFO /home/frappe/.pyenv/versions/3.14.2/bin/bench --site development.localhost console
2026-01-28 16:40:40,507 INFO /home/frappe/.pyenv/versions/3.14.2/bin/bench --site development.localhost console
2026-01-28 16:43:22,276 INFO /home/frappe/.pyenv/versions/3.14.2/bin/bench --site development.localhost console
2026-01-28 16:43:35,415 INFO /home/frappe/.pyenv/versions/3.14.2/bin/bench --site development.localhost clear-cache
2026-01-28 16:43:56,778 INFO /home/frappe/.pyenv/versions/3.14.2/bin/bench --site development.localhost console
2026-01-28 16:44:05,673 INFO /home/frappe/.pyenv/versions/3.14.2/bin/bench --site development.localhost execute vooroo_saas.api.deal.get_deal_notes --args ["CRM-DEAL-2026-00054"]
2026-01-28 16:44:13,347 INFO /home/frappe/.pyenv/versions/3.14.2/bin/bench --site development.localhost execute vooroo_saas.api.deal.get_deal_notes --args ["CRM-DEAL-2026-00054"]
2026-01-28 16:44:22,134 INFO /home/frappe/.pyenv/versions/3.14.2/bin/bench --site development.localhost execute vooroo_saas.api.deal.get_deal_notes --args ["CRM-DEAL-2026-00054"]
2026-01-28 16:44:34,901 INFO /home/frappe/.pyenv/versions/3.14.2/bin/bench --site development.localhost execute frappe.db.get_all --args ["FCRM Note", {"filters": {"reference_doctype": "CRM Deal", "reference_docname": "CRM-DEAL-2026-00054"}}]
2026-01-28 16:44:43,461 INFO /home/frappe/.pyenv/versions/3.14.2/bin/bench --site development.localhost console
2026-01-28 16:44:58,576 INFO /home/frappe/.pyenv/versions/3.14.2/bin/bench --site development.localhost console
2026-01-28 16:45:09,429 INFO /home/frappe/.pyenv/versions/3.14.2/bin/bench --site development.localhost console
2026-01-28 16:45:18,764 INFO /home/frappe/.pyenv/versions/3.14.2/bin/bench --site development.localhost console
2026-01-28 16:45:28,867 INFO /home/frappe/.pyenv/versions/3.14.2/bin/bench --site development.localhost console
2026-01-28 16:45:38,433 INFO /home/frappe/.pyenv/versions/3.14.2/bin/bench --site development.localhost console
2026-01-28 16:45:47,383 INFO /home/frappe/.pyenv/versions/3.14.2/bin/bench --site development.localhost mariadb -e SELECT name, title, reference_doctype, reference_docname FROM `tabFCRM Note` LIMIT 10;
2026-01-28 16:45:58,290 INFO /home/frappe/.pyenv/versions/3.14.2/bin/bench --site development.localhost console
2026-01-28 17:33:17,003 INFO /home/frappe/.pyenv/versions/3.14.2/bin/bench --site development.localhost console
2026-01-28 17:34:40,244 INFO /home/frappe/.pyenv/versions/3.14.2/bin/bench --site development.localhost console
2026-01-28 17:35:34,965 INFO /home/frappe/.pyenv/versions/3.14.2/bin/bench --site development.localhost console
2026-01-28 17:39:59,310 INFO /home/frappe/.pyenv/versions/3.14.2/bin/bench start
2026-01-28 17:40:01,219 INFO /home/frappe/.pyenv/versions/3.14.2/bin/bench serve --port 8000
2026-01-28 17:40:01,430 INFO /home/frappe/.pyenv/versions/3.14.2/bin/bench watch
2026-01-28 17:40:01,526 INFO /home/frappe/.pyenv/versions/3.14.2/bin/bench worker
2026-01-28 17:40:01,532 INFO /home/frappe/.pyenv/versions/3.14.2/bin/bench schedule
2026-01-28 17:46:25,595 INFO /home/frappe/.pyenv/versions/3.14.2/bin/bench --site development.localhost console
2026-01-28 17:49:16,229 INFO /home/frappe/.pyenv/versions/3.14.2/bin/bench --site development.localhost execute --kwargs {"deal_name": "CRM-DEAL-2025-00002"} vooroo_saas.api.deal.get_deal_notes
2026-01-28 17:49:27,321 INFO /home/frappe/.pyenv/versions/3.14.2/bin/bench --site development.localhost console
2026-01-28 17:49:37,511 INFO /home/frappe/.pyenv/versions/3.14.2/bin/bench --site development.localhost execute vooroo_saas.api.deal.get_deal_notes --kwargs {"deal_name":"CRM-DEAL-2026-00053"}
2026-01-28 17:49:55,183 INFO /home/frappe/.pyenv/versions/3.14.2/bin/bench --site development.localhost execute vooroo_saas.api.deal.get_deal_notes --kwargs {"deal_name":"CRM-DEAL-2026-00053"}
2026-01-28 18:06:27,134 INFO /home/frappe/.pyenv/versions/3.14.2/bin/bench --site development.localhost execute vooroo_saas.api.deal.update_deal --kwargs {"name":"CRM-DEAL-2026-00053", "lead_label":"Chaud"}
2026-01-28 22:35:17,149 INFO /home/frappe/.pyenv/versions/3.14.2/bin/bench start
2026-01-28 22:35:18,359 INFO /home/frappe/.pyenv/versions/3.14.2/bin/bench watch
2026-01-28 22:35:18,406 INFO /home/frappe/.pyenv/versions/3.14.2/bin/bench worker
2026-01-28 22:35:18,443 INFO /home/frappe/.pyenv/versions/3.14.2/bin/bench serve --port 8000
2026-01-28 22:35:18,481 INFO /home/frappe/.pyenv/versions/3.14.2/bin/bench schedule
2026-01-28 23:34:14,279 INFO /home/frappe/.pyenv/versions/3.14.2/bin/bench --site development.localhost console
2026-01-28 23:34:21,766 INFO /home/frappe/.pyenv/versions/3.14.2/bin/bench --site development.localhost execute frappe.get_all('CRM Lead', limit=5, fields=['name', 'lead_name'])
2026-01-28 23:34:27,685 INFO /home/frappe/.pyenv/versions/3.14.2/bin/bench --site development.localhost mariadb -e SELECT name, lead_name FROM `tabCRM Lead` LIMIT 5;
2026-01-28 23:34:34,439 INFO /home/frappe/.pyenv/versions/3.14.2/bin/bench --site development.localhost mariadb -e 
SELECT dl.parent, dl.parenttype, dl.link_doctype, dl.link_name 
FROM `tabDynamic Link` dl 
WHERE dl.link_doctype = 'CRM Lead' 
LIMIT 10;

2026-01-28 23:34:40,578 INFO /home/frappe/.pyenv/versions/3.14.2/bin/bench --site development.localhost mariadb -e 
-- Check Contact links
SELECT c.name as contact_name, dl.link_doctype, dl.link_name
FROM `tabContact` c
JOIN `tabDynamic Link` dl ON dl.parent = c.name AND dl.parenttype = 'Contact'
WHERE dl.link_doctype = 'CRM Lead'
LIMIT 5;

2026-01-28 23:34:46,858 INFO /home/frappe/.pyenv/versions/3.14.2/bin/bench --site development.localhost mariadb -e 
SELECT name, lead, deal_name FROM `tabCRM Deal` WHERE lead IS NOT NULL AND lead != '' LIMIT 10;

2026-01-28 23:34:51,941 INFO /home/frappe/.pyenv/versions/3.14.2/bin/bench --site development.localhost mariadb -e DESCRIBE `tabCRM Deal`;
2026-01-28 23:34:58,314 INFO /home/frappe/.pyenv/versions/3.14.2/bin/bench --site development.localhost mariadb -e 
SELECT name, lead, organization FROM `tabCRM Deal` WHERE lead IS NOT NULL AND lead != '' LIMIT 10;

2026-01-28 23:35:06,021 INFO /home/frappe/.pyenv/versions/3.14.2/bin/bench --site development.localhost mariadb -e 
-- Check CRM Note parent links
SELECT name, parent, parenttype FROM `tabCRM Note` WHERE parenttype = 'CRM Lead' LIMIT 5;

2026-01-28 23:35:10,923 INFO /home/frappe/.pyenv/versions/3.14.2/bin/bench --site development.localhost mariadb -e SHOW TABLES LIKE '%note%';
2026-01-28 23:35:15,844 INFO /home/frappe/.pyenv/versions/3.14.2/bin/bench --site development.localhost mariadb -e SHOW TABLES LIKE '%Note%';
2026-01-28 23:35:20,921 INFO /home/frappe/.pyenv/versions/3.14.2/bin/bench --site development.localhost mariadb -e SELECT name, reference_doctype, reference_docname FROM `tabFCRM Note` WHERE reference_doctype = 'CRM Lead' LIMIT 5;
2026-01-28 23:35:25,698 INFO /home/frappe/.pyenv/versions/3.14.2/bin/bench --site development.localhost mariadb -e DESCRIBE `tabFCRM Note`;
2026-01-28 23:35:30,879 INFO /home/frappe/.pyenv/versions/3.14.2/bin/bench --site development.localhost mariadb -e SELECT COUNT(*) as cnt, reference_doctype FROM `tabFCRM Note` GROUP BY reference_doctype;
2026-01-28 23:35:36,425 INFO /home/frappe/.pyenv/versions/3.14.2/bin/bench --site development.localhost mariadb -e SHOW TABLES LIKE '%Task%';
2026-01-28 23:35:41,590 INFO /home/frappe/.pyenv/versions/3.14.2/bin/bench --site development.localhost mariadb -e SELECT name, reference_doctype, reference_docname FROM `tabCRM Task` WHERE reference_doctype IN ('CRM Lead', 'CRM Deal') LIMIT 10;
2026-01-28 23:38:44,111 INFO /home/frappe/.pyenv/versions/3.14.2/bin/bench --site development.localhost clear-cache
2026-01-28 23:39:35,735 INFO /home/frappe/.pyenv/versions/3.14.2/bin/bench --site development.localhost mariadb -e 
SELECT l.name, l.lead_name, 
       (SELECT COUNT(*) FROM `tabCRM Deal` d WHERE d.lead = l.name) as deal_count
FROM `tabCRM Lead` l
ORDER BY deal_count ASC
LIMIT 10;

2026-01-28 23:40:31,954 INFO /home/frappe/.pyenv/versions/3.14.2/bin/bench --site development.localhost run-tests --app vooroo_saas --module vooroo_saas.api.prospect --failfast
2026-01-28 23:44:30,876 INFO /home/frappe/.pyenv/versions/3.14.2/bin/bench --site development.localhost clear-cache
2026-01-29 10:39:07,568 INFO /home/frappe/.pyenv/versions/3.14.2/bin/bench start
2026-01-29 10:39:08,421 INFO /home/frappe/.pyenv/versions/3.14.2/bin/bench watch
2026-01-29 10:39:08,422 INFO /home/frappe/.pyenv/versions/3.14.2/bin/bench serve --port 8000
2026-01-29 10:39:08,434 INFO /home/frappe/.pyenv/versions/3.14.2/bin/bench schedule
2026-01-29 10:39:08,444 INFO /home/frappe/.pyenv/versions/3.14.2/bin/bench worker
2026-01-29 11:45:20,650 INFO /home/frappe/.pyenv/versions/3.14.2/bin/bench start
2026-01-29 11:45:21,412 INFO /home/frappe/.pyenv/versions/3.14.2/bin/bench schedule
2026-01-29 11:45:21,427 INFO /home/frappe/.pyenv/versions/3.14.2/bin/bench worker
2026-01-29 11:45:21,438 INFO /home/frappe/.pyenv/versions/3.14.2/bin/bench serve --port 8000
2026-01-29 11:45:21,463 INFO /home/frappe/.pyenv/versions/3.14.2/bin/bench watch
2026-01-29 13:31:20,844 INFO /home/frappe/.pyenv/versions/3.14.2/bin/bench get-app --help
2026-01-29 14:42:11,612 INFO /home/frappe/.pyenv/versions/3.14.2/bin/bench get-app https://github.com/shridarpatil/frappe_whatsapp
2026-01-29 14:42:11,660 LOG Getting frappe_whatsapp
2026-01-29 14:42:11,661 DEBUG cd ./apps && git clone https://github.com/shridarpatil/frappe_whatsapp  --depth 1 --origin upstream
2026-01-29 14:42:14,054 LOG Installing frappe_whatsapp
2026-01-29 14:42:14,114 DEBUG cd /workspace/development/frappe-bench && uv pip install --quiet --upgrade -e /workspace/development/frappe-bench/apps/frappe_whatsapp  --python /workspace/development/frappe-bench/env/bin/python
2026-01-29 14:42:16,054 DEBUG bench build --app frappe_whatsapp
2026-01-29 14:42:16,461 INFO /home/frappe/.pyenv/versions/3.14.2/bin/bench build --app frappe_whatsapp
2026-01-29 14:42:34,852 INFO /home/frappe/.pyenv/versions/3.14.2/bin/bench --site development.localhost install-app frappe_whatsapp
2026-01-29 14:57:02,029 INFO /home/frappe/.pyenv/versions/3.14.2/bin/bench build --app vooroo_saas
2026-01-29 14:57:12,482 INFO /home/frappe/.pyenv/versions/3.14.2/bin/bench --site development.localhost migrate
2026-01-29 14:58:19,348 INFO /home/frappe/.pyenv/versions/3.14.2/bin/bench start
2026-01-29 14:58:20,256 INFO /home/frappe/.pyenv/versions/3.14.2/bin/bench watch
2026-01-29 14:58:20,338 INFO /home/frappe/.pyenv/versions/3.14.2/bin/bench worker
2026-01-29 14:58:20,351 INFO /home/frappe/.pyenv/versions/3.14.2/bin/bench serve --port 8000
2026-01-29 14:58:20,370 INFO /home/frappe/.pyenv/versions/3.14.2/bin/bench schedule
2026-01-29 20:30:49,760 INFO /home/frappe/.pyenv/versions/3.14.2/bin/bench --site development.localhost console
2026-01-29 20:31:00,279 INFO /home/frappe/.pyenv/versions/3.14.2/bin/bench --site development.localhost execute frappe.get_doc({'doctype': 'WhatsApp Account', 'account_name': 'Test Account', 'status': 'Active', 'url': 'https://graph.facebook.com', 'version': 'v18.0', 'token': 'temp_token', 'phone_id': '123456789', 'app_id': '123456789', 'business_id': '123456789', 'webhook_verify_token': 'vooroo_webhook_2026', 'is_default_outgoing': 1, 'is_default_incoming': 1}).insert(ignore_permissions=True)
2026-01-29 20:31:15,771 INFO /home/frappe/.pyenv/versions/3.14.2/bin/bench --site development.localhost execute vooroo_saas.scripts.create_whatsapp_account.execute
2026-01-30 10:05:30,673 INFO /home/frappe/.pyenv/versions/3.14.2/bin/bench start
2026-01-30 10:05:32,056 INFO /home/frappe/.pyenv/versions/3.14.2/bin/bench watch
2026-01-30 10:05:32,061 INFO /home/frappe/.pyenv/versions/3.14.2/bin/bench worker
2026-01-30 10:05:32,063 INFO /home/frappe/.pyenv/versions/3.14.2/bin/bench schedule
2026-01-30 10:05:32,067 INFO /home/frappe/.pyenv/versions/3.14.2/bin/bench serve --port 8000
2026-01-30 12:16:15,399 INFO /home/frappe/.pyenv/versions/3.14.2/bin/bench get-app mail
2026-01-30 12:16:16,357 LOG Getting mail
2026-01-30 12:16:16,357 DEBUG cd ./apps && git clone https://github.com/frappe/mail.git  --depth 1 --origin upstream
2026-01-30 12:16:22,055 LOG Installing mail
2026-01-30 12:16:22,057 DEBUG cd /workspace/development/frappe-bench && uv pip install --quiet --upgrade -e /workspace/development/frappe-bench/apps/mail  --python /workspace/development/frappe-bench/env/bin/python
2026-01-30 12:16:23,774 WARNING cd /workspace/development/frappe-bench && uv pip install --quiet --upgrade -e /workspace/development/frappe-bench/apps/mail  --python /workspace/development/frappe-bench/env/bin/python executed with exit code 1
2026-01-30 12:16:23,775 WARNING /home/frappe/.pyenv/versions/3.14.2/bin/bench get-app mail executed with exit code 167
2026-01-30 12:16:47,007 INFO /home/frappe/.pyenv/versions/3.14.2/bin/bench pip install -e apps/mail
2026-01-30 12:16:57,280 INFO /home/frappe/.pyenv/versions/3.14.2/bin/bench --site development.localhost install-app mail
2026-01-30 12:17:15,550 INFO /home/frappe/.pyenv/versions/3.14.2/bin/bench --site development.localhost install-app mail
2026-01-30 12:17:42,904 INFO /home/frappe/.pyenv/versions/3.14.2/bin/bench --site development.localhost install-app mail
2026-01-30 12:17:50,091 INFO /home/frappe/.pyenv/versions/3.14.2/bin/bench --site development.localhost migrate
2026-01-30 12:18:00,529 INFO /home/frappe/.pyenv/versions/3.14.2/bin/bench pip install dnspython
2026-01-30 12:18:05,578 INFO /home/frappe/.pyenv/versions/3.14.2/bin/bench --site development.localhost migrate
2026-01-30 12:19:09,221 INFO /home/frappe/.pyenv/versions/3.14.2/bin/bench --site development.localhost migrate
2026-01-30 12:19:30,809 INFO /home/frappe/.pyenv/versions/3.14.2/bin/bench --site development.localhost uninstall-app mail --yes
2026-01-30 14:52:48,680 INFO /home/frappe/.pyenv/versions/3.14.2/bin/bench --site development.localhost clear-cache
2026-01-30 15:06:55,951 INFO /home/frappe/.pyenv/versions/3.14.2/bin/bench --site development.localhost clear-cache
2026-01-30 15:07:06,141 INFO /home/frappe/.pyenv/versions/3.14.2/bin/bench --site development.localhost console
2026-01-30 15:09:01,238 INFO /home/frappe/.pyenv/versions/3.14.2/bin/bench --site development.localhost clear-cache
2026-01-31 17:08:43,984 INFO /home/frappe/.pyenv/versions/3.14.2/bin/bench --site development.localhost migrate
2026-01-31 17:09:31,697 INFO /home/frappe/.pyenv/versions/3.14.2/bin/bench --site development.localhost set-config developer_mode 1
2026-01-31 17:09:33,063 INFO /home/frappe/.pyenv/versions/3.14.2/bin/bench --site development.localhost clear-cache
2026-01-31 17:10:49,139 INFO /home/frappe/.pyenv/versions/3.14.2/bin/bench build --app vooroo_saas
2026-01-31 22:46:46,383 INFO /home/frappe/.pyenv/versions/3.14.2/bin/bench start
2026-01-31 22:46:47,876 INFO /home/frappe/.pyenv/versions/3.14.2/bin/bench serve --port 8000
2026-01-31 22:46:47,904 INFO /home/frappe/.pyenv/versions/3.14.2/bin/bench watch
2026-01-31 22:46:47,917 INFO /home/frappe/.pyenv/versions/3.14.2/bin/bench worker
2026-01-31 22:46:47,919 INFO /home/frappe/.pyenv/versions/3.14.2/bin/bench schedule
2026-01-31 22:57:07,490 INFO /home/frappe/.pyenv/versions/3.14.2/bin/bench start
2026-01-31 22:57:10,997 INFO /home/frappe/.pyenv/versions/3.14.2/bin/bench schedule
2026-01-31 22:57:11,035 INFO /home/frappe/.pyenv/versions/3.14.2/bin/bench watch
2026-01-31 22:57:11,071 INFO /home/frappe/.pyenv/versions/3.14.2/bin/bench serve --port 8000
2026-01-31 22:57:11,182 INFO /home/frappe/.pyenv/versions/3.14.2/bin/bench worker
2026-01-31 23:02:22,078 INFO /home/frappe/.pyenv/versions/3.14.2/bin/bench start
2026-01-31 23:02:23,403 INFO /home/frappe/.pyenv/versions/3.14.2/bin/bench watch
2026-01-31 23:02:23,404 INFO /home/frappe/.pyenv/versions/3.14.2/bin/bench schedule
2026-01-31 23:02:23,429 INFO /home/frappe/.pyenv/versions/3.14.2/bin/bench worker
2026-01-31 23:02:23,467 INFO /home/frappe/.pyenv/versions/3.14.2/bin/bench serve --port 8000
2026-01-31 23:02:48,797 INFO /home/frappe/.pyenv/versions/3.14.2/bin/bench serve --port 8000
2026-01-31 23:03:09,755 INFO /home/frappe/.pyenv/versions/3.14.2/bin/bench serve --port 8000
2026-01-31 23:03:18,711 INFO /home/frappe/.pyenv/versions/3.14.2/bin/bench serve --port 8000
2026-01-31 23:03:35,172 INFO /home/frappe/.pyenv/versions/3.14.2/bin/bench serve --port 8000
2026-01-31 23:15:03,569 INFO /home/frappe/.pyenv/versions/3.14.2/bin/bench start
2026-01-31 23:15:05,051 INFO /home/frappe/.pyenv/versions/3.14.2/bin/bench watch
2026-01-31 23:15:05,064 INFO /home/frappe/.pyenv/versions/3.14.2/bin/bench worker
2026-01-31 23:15:05,071 INFO /home/frappe/.pyenv/versions/3.14.2/bin/bench schedule
2026-01-31 23:15:05,074 INFO /home/frappe/.pyenv/versions/3.14.2/bin/bench serve --port 8000
2026-01-31 23:15:46,920 INFO /home/frappe/.pyenv/versions/3.14.2/bin/bench start
2026-01-31 23:15:47,628 INFO /home/frappe/.pyenv/versions/3.14.2/bin/bench schedule
2026-01-31 23:15:47,640 INFO /home/frappe/.pyenv/versions/3.14.2/bin/bench worker
2026-01-31 23:15:47,689 INFO /home/frappe/.pyenv/versions/3.14.2/bin/bench serve --port 8000
2026-01-31 23:15:47,741 INFO /home/frappe/.pyenv/versions/3.14.2/bin/bench watch
2026-01-31 23:27:41,858 INFO /home/frappe/.pyenv/versions/3.14.2/bin/bench start
2026-01-31 23:27:49,026 INFO /home/frappe/.pyenv/versions/3.14.2/bin/bench schedule
2026-01-31 23:27:49,037 INFO /home/frappe/.pyenv/versions/3.14.2/bin/bench serve --port 8000
2026-01-31 23:27:49,070 INFO /home/frappe/.pyenv/versions/3.14.2/bin/bench worker
2026-01-31 23:27:49,108 INFO /home/frappe/.pyenv/versions/3.14.2/bin/bench watch
2026-01-31 23:37:49,604 INFO /home/frappe/.pyenv/versions/3.14.2/bin/bench --site development.localhost console
2026-01-31 23:44:06,484 INFO /home/frappe/.pyenv/versions/3.14.2/bin/bench --site development.localhost clear-cache
2026-01-31 23:45:21,781 INFO /home/frappe/.pyenv/versions/3.14.2/bin/bench --site development.localhost execute frappe.get_doc('Vooroo Mail Settings')
2026-01-31 23:45:36,742 INFO /home/frappe/.pyenv/versions/3.14.2/bin/bench --site development.localhost console
2026-01-31 23:45:46,777 INFO /home/frappe/.pyenv/versions/3.14.2/bin/bench --site development.localhost console
2026-01-31 23:53:59,837 INFO /home/frappe/.pyenv/versions/3.14.2/bin/bench --site development.localhost clear-cache
2026-02-01 00:16:29,489 INFO /home/frappe/.pyenv/versions/3.14.2/bin/bench --site development.localhost console
2026-02-01 00:16:39,836 INFO /home/frappe/.pyenv/versions/3.14.2/bin/bench --site development.localhost clear-cache
2026-02-01 09:26:50,350 INFO /home/frappe/.pyenv/versions/3.14.2/bin/bench start
2026-02-01 09:26:51,286 INFO /home/frappe/.pyenv/versions/3.14.2/bin/bench watch
2026-02-01 09:26:51,286 INFO /home/frappe/.pyenv/versions/3.14.2/bin/bench schedule
2026-02-01 09:26:51,288 INFO /home/frappe/.pyenv/versions/3.14.2/bin/bench serve --port 8000
2026-02-01 09:26:51,355 INFO /home/frappe/.pyenv/versions/3.14.2/bin/bench worker
2026-02-01 09:44:38,627 INFO /home/frappe/.pyenv/versions/3.14.2/bin/bench --site development.localhost console
2026-02-01 09:44:52,073 INFO /home/frappe/.pyenv/versions/3.14.2/bin/bench --site development.localhost console
2026-02-01 09:45:02,493 INFO /home/frappe/.pyenv/versions/3.14.2/bin/bench --site development.localhost console
2026-02-01 09:45:09,853 INFO /home/frappe/.pyenv/versions/3.14.2/bin/bench --site development.localhost execute frappe.get_all('CRM Lead', filters={}, fields=['name', 'lead_name', 'email', 'status'], limit=5)
2026-02-01 09:49:48,704 INFO /home/frappe/.pyenv/versions/3.14.2/bin/bench --site development.localhost migrate
2026-02-01 10:11:51,399 INFO /home/frappe/.pyenv/versions/3.14.2/bin/bench --site development.localhost console
2026-02-01 10:12:00,703 INFO /home/frappe/.pyenv/versions/3.14.2/bin/bench --site development.localhost console
2026-02-01 10:14:14,419 INFO /home/frappe/.pyenv/versions/3.14.2/bin/bench --site development.localhost console
2026-02-01 10:14:24,345 INFO /home/frappe/.pyenv/versions/3.14.2/bin/bench --site development.localhost console
2026-02-01 10:14:47,038 INFO /home/frappe/.pyenv/versions/3.14.2/bin/bench --site development.localhost console
2026-02-01 10:15:12,423 INFO /home/frappe/.pyenv/versions/3.14.2/bin/bench --site development.localhost console
2026-02-01 10:15:31,489 INFO /home/frappe/.pyenv/versions/3.14.2/bin/bench --site development.localhost console
2026-02-01 10:15:40,440 INFO /home/frappe/.pyenv/versions/3.14.2/bin/bench --site development.localhost console
2026-02-01 10:15:50,387 INFO /home/frappe/.pyenv/versions/3.14.2/bin/bench --site development.localhost console
2026-02-01 11:20:54,042 INFO /home/frappe/.pyenv/versions/3.14.2/bin/bench --site development.localhost clear-cache
2026-02-01 12:14:21,860 INFO /home/frappe/.pyenv/versions/3.14.2/bin/bench --site development.localhost console
2026-02-01 12:14:40,509 INFO /home/frappe/.pyenv/versions/3.14.2/bin/bench --site development.localhost console
2026-02-01 12:15:06,814 INFO /home/frappe/.pyenv/versions/3.14.2/bin/bench --site development.localhost console
2026-02-01 12:15:20,185 INFO /home/frappe/.pyenv/versions/3.14.2/bin/bench --site development.localhost console
2026-02-01 12:15:47,653 INFO /home/frappe/.pyenv/versions/3.14.2/bin/bench --site development.localhost console
2026-02-01 12:16:12,263 INFO /home/frappe/.pyenv/versions/3.14.2/bin/bench --site development.localhost console
2026-02-01 12:16:29,698 INFO /home/frappe/.pyenv/versions/3.14.2/bin/bench --site development.localhost console
2026-02-01 12:40:26,096 INFO /home/frappe/.pyenv/versions/3.14.2/bin/bench build --apps vooroo_saas
2026-02-01 12:41:02,154 INFO /home/frappe/.pyenv/versions/3.14.2/bin/bench --site development.localhost console
2026-02-01 12:41:16,616 INFO /home/frappe/.pyenv/versions/3.14.2/bin/bench --site development.localhost console
2026-02-01 12:41:31,922 INFO /home/frappe/.pyenv/versions/3.14.2/bin/bench --site development.localhost console
2026-02-01 19:19:58,654 INFO /home/frappe/.pyenv/versions/3.14.2/bin/bench start
2026-02-01 19:19:59,501 INFO /home/frappe/.pyenv/versions/3.14.2/bin/bench serve --port 8000
2026-02-01 19:19:59,502 INFO /home/frappe/.pyenv/versions/3.14.2/bin/bench schedule
2026-02-01 19:19:59,510 INFO /home/frappe/.pyenv/versions/3.14.2/bin/bench watch
2026-02-01 19:19:59,513 INFO /home/frappe/.pyenv/versions/3.14.2/bin/bench worker
2026-02-01 21:09:15,030 INFO /home/frappe/.pyenv/versions/3.14.2/bin/bench --site development.localhost console
2026-02-01 21:09:27,906 INFO /home/frappe/.pyenv/versions/3.14.2/bin/bench --site development.localhost console
2026-02-01 21:09:43,252 INFO /home/frappe/.pyenv/versions/3.14.2/bin/bench --site development.localhost console
2026-02-01 21:12:34,871 INFO /home/frappe/.pyenv/versions/3.14.2/bin/bench --site development.localhost console
2026-02-01 21:12:58,800 INFO /home/frappe/.pyenv/versions/3.14.2/bin/bench --site development.localhost console
2026-02-01 21:13:17,098 INFO /home/frappe/.pyenv/versions/3.14.2/bin/bench --site development.localhost console
2026-02-01 21:13:29,631 INFO /home/frappe/.pyenv/versions/3.14.2/bin/bench --site development.localhost console
2026-02-01 21:13:38,413 INFO /home/frappe/.pyenv/versions/3.14.2/bin/bench --site development.localhost console
2026-02-01 21:13:48,030 INFO /home/frappe/.pyenv/versions/3.14.2/bin/bench --site development.localhost execute frappe.core.doctype.email_account.email_account.setup_email_account --kwargs {"email_id": "admin@lemomentum.tech", "password": "admin123", "imap_server": "stalwart.lemomentum.tech", "smtp_server": "stalwart.lemomentum.tech"}
2026-02-01 21:13:58,245 INFO /home/frappe/.pyenv/versions/3.14.2/bin/bench --site development.localhost console
2026-02-01 21:14:12,769 INFO /home/frappe/.pyenv/versions/3.14.2/bin/bench --site development.localhost console
2026-02-01 21:15:38,897 INFO /home/frappe/.pyenv/versions/3.14.2/bin/bench --site development.localhost console
2026-02-01 21:16:19,800 INFO /home/frappe/.pyenv/versions/3.14.2/bin/bench --site development.localhost console
2026-02-01 21:16:35,989 INFO /home/frappe/.pyenv/versions/3.14.2/bin/bench --site development.localhost console
2026-02-01 21:16:46,108 INFO /home/frappe/.pyenv/versions/3.14.2/bin/bench --site development.localhost console
2026-02-01 21:16:53,734 INFO /home/frappe/.pyenv/versions/3.14.2/bin/bench --site development.localhost execute frappe.get_all --args ["Communication", {"filters": {"communication_medium": "Email"}, "fields": ["name", "subject", "sent_or_received", "sender"], "limit": 5}]
2026-02-01 21:17:01,758 INFO /home/frappe/.pyenv/versions/3.14.2/bin/bench --site development.localhost mariadb -e SELECT name, subject, sent_or_received, sender, reference_doctype, reference_name FROM tabCommunication WHERE communication_medium='Email' ORDER BY creation DESC LIMIT 5
2026-02-01 21:19:29,579 INFO /home/frappe/.pyenv/versions/3.14.2/bin/bench build --apps vooroo_saas
2026-02-01 21:28:04,694 INFO /home/frappe/.pyenv/versions/3.14.2/bin/bench build --apps vooroo_saas
2026-02-01 21:28:47,159 INFO /home/frappe/.pyenv/versions/3.14.2/bin/bench --site development.localhost console
2026-02-01 21:28:58,861 INFO /home/frappe/.pyenv/versions/3.14.2/bin/bench --site development.localhost mariadb -e SELECT * FROM `tabVooroo Mail Settings`\G
2026-02-01 21:29:06,006 INFO /home/frappe/.pyenv/versions/3.14.2/bin/bench --site development.localhost mariadb -e SELECT * FROM `tabSingles` WHERE doctype='Vooroo Mail Settings';
2026-02-01 22:09:33,876 INFO /home/frappe/.pyenv/versions/3.14.2/bin/bench --site development.localhost migrate
2026-02-01 22:10:27,485 INFO /home/frappe/.pyenv/versions/3.14.2/bin/bench --site development.localhost mariadb
2026-02-01 22:10:38,599 INFO /home/frappe/.pyenv/versions/3.14.2/bin/bench --site development.localhost mariadb -e SELECT * FROM `tabSingles` WHERE doctype='Vooroo Mail Settings' AND field LIKE 'imap%';
2026-02-01 22:10:45,991 INFO /home/frappe/.pyenv/versions/3.14.2/bin/bench --site development.localhost execute vooroo_saas.api.email.pull_emails_imap
2026-02-01 22:11:50,019 INFO /home/frappe/.pyenv/versions/3.14.2/bin/bench --site development.localhost execute vooroo_saas.api.email.pull_emails_imap
2026-02-01 22:12:01,925 INFO /home/frappe/.pyenv/versions/3.14.2/bin/bench --site development.localhost clear-cache
2026-02-01 22:12:15,562 INFO /home/frappe/.pyenv/versions/3.14.2/bin/bench restart
2026-02-02 17:32:56,902 INFO /home/frappe/.pyenv/versions/3.14.2/bin/bench start
2026-02-02 17:32:57,542 INFO /home/frappe/.pyenv/versions/3.14.2/bin/bench serve --port 8000
2026-02-02 17:32:57,561 INFO /home/frappe/.pyenv/versions/3.14.2/bin/bench schedule
2026-02-02 17:32:57,562 INFO /home/frappe/.pyenv/versions/3.14.2/bin/bench worker
2026-02-02 17:32:57,598 INFO /home/frappe/.pyenv/versions/3.14.2/bin/bench watch
2026-02-02 17:41:58,303 INFO /home/frappe/.pyenv/versions/3.14.2/bin/bench --site development.localhost mariadb -e SELECT name, subject, sent_or_received, sender, recipients FROM tabCommunication WHERE communication_medium='Email' ORDER BY creation DESC LIMIT 5;
2026-02-02 17:43:18,188 INFO /home/frappe/.pyenv/versions/3.14.2/bin/bench --site development.localhost execute vooroo_saas.api.email.reply_to_email --kwargs {"communication_name": "6kt20lep53", "message": "<p>Bonjour,</p><p>Merci pour votre réponse concernant le brief de facturation.</p><p>Je reviens vers vous rapidement avec plus de détails.</p><p>Cordialement,<br>L équipe Vooroo</p>"}
2026-02-02 17:47:18,239 INFO /home/frappe/.pyenv/versions/3.14.2/bin/bench --site development.localhost execute vooroo_saas.api.email.reply_to_email --kwargs {"communication_name": "6kt20lep53", "message": "<p>Bonjour,</p><p>Merci pour votre réponse concernant le brief de facturation.</p><p>Je reviens vers vous rapidement avec plus de détails.</p><p>Cordialement,<br>L équipe Vooroo</p>"}
2026-02-02 18:01:58,352 INFO /home/frappe/.pyenv/versions/3.14.2/bin/bench --site development.localhost execute vooroo_saas.api.email.reply_to_email --kwargs {"communication_name": "6kt20lep53", "message": "<p>Bonjour,</p><p>Merci pour votre réponse concernant le brief de facturation.</p><p>Je reviens vers vous rapidement avec plus de détails.</p><p>Cordialement,<br>L équipe Vooroo</p>"}
2026-02-02 18:02:17,460 INFO /home/frappe/.pyenv/versions/3.14.2/bin/bench --site development.localhost execute vooroo_saas.api.email.reply_to_email --kwargs {"communication_name": "6kt20lep53", "message": "<p>Bonjour,</p><p>Merci pour votre réponse concernant le brief de facturation.</p><p>Je reviens vers vous rapidement avec plus de détails.</p><p>Cordialement,<br>L équipe Vooroo</p>"}
2026-02-02 18:02:29,777 INFO /home/frappe/.pyenv/versions/3.14.2/bin/bench --site development.localhost mariadb -e SELECT name, subject, sent_or_received, sender, recipients, delivery_status, in_reply_to FROM tabCommunication WHERE communication_medium='Email' ORDER BY creation DESC LIMIT 5;
2026-02-02 18:14:13,895 INFO /home/frappe/.pyenv/versions/3.14.2/bin/bench --site development.localhost mariadb -e SELECT name, subject, sent_or_received, reference_doctype, reference_name FROM tabCommunication WHERE communication_medium='Email' ORDER BY creation DESC LIMIT 5;
2026-02-02 18:14:23,794 INFO /home/frappe/.pyenv/versions/3.14.2/bin/bench --site development.localhost mariadb -e UPDATE tabCommunication SET reference_doctype='CRM Lead', reference_name='CRM-LEAD-2026-00067' WHERE name IN ('6kt20lep53', '0lpsq75jj7'); SELECT ROW_COUNT() as updated;
2026-02-02 18:41:27,714 INFO /home/frappe/.pyenv/versions/3.14.2/bin/bench --site development.localhost mariadb -e SELECT name, lead_name, email FROM `tabCRM Lead` WHERE name='CRM-LEAD-2026-00067';
2026-02-03 23:59:52,584 INFO /home/frappe/.pyenv/versions/3.14.2/bin/bench --site development.localhost backup --with-files
